modid,lastmodified,checked
224,1390764482,1
225,1344625216,1
226,1397336633,1
227,1448816785,1
229,1387044599,1
253,1523610402,1
254,1520720079,1
255,1520719794,1
258,1375159414,1
259,1445388647,1
262,1520719693,1
267,1434817319,1
269,1354748906,1
272,1438526270,1
273,1345048163,1
288,1374651449,1
300,1370653916,1
303,1438526273,1
307,1438526279,1
329,1513049495,1
331,1370651561,1
341,1446071645,1
345,1375827242,1
347,1370654049,1
350,1466182811,1
352,1451741645,1
355,1438317408,1
359,1438526256,1
369,1448816738,1
371,1491079752,1
373,1425057593,1
374,1392616725,1
382,1520719988,1
383,1520719713,1
384,1520720013,1
399,1363689285,1
427,1342282854,1
428,1358473583,1
431,1344333825,1
432,1374140248,1
433,1373754164,1
436,1359233279,1
454,1660499219,1
465,1363537619,1
466,1364754109,1
467,1364792199,1
468,1340232287,1
470,1421885139,1
471,1381968085,1
472,1376680003,1
475,1520719954,1
476,1370654004,1
477,1370654025,1
478,1520719864,1
479,1370653940,1
480,1370653815,1
481,1370654069,1
482,1370654106,1
483,1370653981,1
484,1370653835,1
485,1370653887,1
486,1375111654,1
487,1370654089,1
488,1520719329,1
489,1370653867,1
490,1370654128,1
491,1438526277,1
496,1370651586,1
497,1436115023,1
498,1520719633,1
499,1370651954,1
500,1370651625,1
501,1370651731,1
502,1370651502,1
503,1420259406,1
504,1370651643,1
505,1370651929,1
506,1379795800,1
507,1370651884,1
508,1379678222,1
510,1662043474,1
514,1376692461,1
515,1370651838,1
516,1370651859,1
517,1370651767,1
518,1370651816,1
519,1399242244,1
520,1397946803,1
522,1587956489,1
523,1587955910,1
524,1587955540,1
1527,1586973563,1
1995,1657125539,1
2061,1604592969,1
2062,1604593047,1
2157,1550829165,1
2169,1552583169,1
2170,1556746631,1
2171,1565148937,1
2172,1574777543,1
2173,1577356064,1
2174,1579920025,1
2175,1581534035,1
2176,1582639502,1
2177,1594479059,1
2178,1617812505,1
2179,1617812519,1
2181,1580248703,1
2184,1580248583,1
2186,1580248641,1
2207,1560522871,1
2211,1580248051,1
2224,1580247907,1
2235,1580247736,1
2282,1580247434,1
2324,1580247220,1
2378,1580246898,1
2379,1580246883,1
2437,1580246591,1
2484,1580244799,1
2510,1599340501,1
2570,1580244214,1
2590,1555002795,1
2591,1555209695,1
2645,1580247107,1
2702,1580246285,1
2752,1580244423,1
2765,1651939115,1
2768,1581733640,1
2771,1580248730,1
2811,1580247205,1
2852,1580244236,1
2855,1563040454,1
2923,1580249087,1
2928,1580248165,1
2935,1580247906,1
2936,1580247897,1
2972,1580247430,1
2974,1580247425,1
2988,1580247071,1
2999,1580246875,1
3016,1580246631,1
3017,1580246509,1
3019,1580246501,1
3022,1580246494,1
3023,1580246493,1
3042,1580246030,1
3073,1634850188,1
3075,1575894235,1
3076,1580248270,1
3080,1580248465,1
3082,1580248186,1
3087,1580247916,1
3088,1580247843,1
3089,1580247741,1
3093,1580247676,1
3094,1580247668,1
3095,1580247659,1
3096,1580247625,1
3109,1580247490,1
3121,1580247213,1
3123,1580247120,1
3124,1580247113,1
3131,1580246911,1
3144,1580246219,1
3147,1580246227,1
3149,1580246092,1
3150,1580246044,1
3152,1580244812,1
3172,1580248364,1
3173,1580248348,1
3281,1580246332,1
3297,1580244225,1
3301,1581280304,1
3306,1580247386,1
3307,1580246902,1
3308,1580246438,1
3309,1580246443,1
3310,1580246072,1
34608,1587636757,1
34609,1573545213,1
34645,1663030605,1
34692,1675557649,1
34694,1675606390,1
34696,1675610054,1
34698,1675610426,1
34711,1477493843,1
34712,1477482053,1
34713,1586639635,1
34714,1516907671,1
34715,1481029167,1
34716,1488839780,1
34718,1525314336,1
34720,1509381469,1
34723,1511475833,1
34724,1514568374,1
34725,1518289656,1
34726,1519144120,1
34727,1519712798,1
34730,1534148843,1
34732,1589523406,1
34736,1558782384,1
34742,1573545117,1
34744,1586948084,1
34769,1491122640,1
34773,1490194600,1
34779,1492083623,1
34785,1556449671,1
34789,1500326079,1
34794,1510049670,1
34795,1510168616,1
34801,1491237933,1
34807,1490293569,1
34812,1500463512,1
34816,1492675247,1
34838,1500112347,1
34860,1593331681,1
34886,1509787938,1
34892,1491846959,1
34895,1556362248,1
34897,1493644003,1
34903,1490455726,1
34905,1486451432,1
34907,1487421116,1
34908,1487421310,1
34909,1487421424,1
34910,1487421532,1
34911,1487422785,1
34912,1489689060,1
34913,1489566408,1
34914,1490523530,1
34915,1489959777,1
34916,1490028444,1
34917,1490778243,1
34918,1499000420,1
34919,1499418581,1
34920,1499966437,1
34921,1500997151,1
34922,1507997293,1
34923,1515250608,1
34925,1526847906,1
34927,1528481258,1
34928,1527697912,1
34929,1528112269,1
34930,1529427941,1
34931,1531148388,1
34932,1532003704,1
34933,1546969830,1
34934,1548063150,1
34935,1556449571,1
34936,1555695710,1
34937,1560526333,1
34938,1560612325,1
34939,1565811099,1
34940,1584739147,1
34941,1598806291,1
34943,1598869467,1
34944,1600281562,1
34945,1599251449,1
34946,1599949153,1
34947,1600215698,1
34948,1605434956,1
34950,1523862074,1
34951,1523834725,1
99472,1750471552,1
100552,1745504294,1
100725,1743713492,1
101054,1757698782,1
101278,1744205573,1
104352,1751570132,1
104765,1757698499,1
110038,1754781837,1
120953,1757220421,1
124329,1748285744,1
124804,1753460869,1
125010,1748288747,1
125382,1750965073,1
132326,1754540823,1
132909,1752353522,1
133355,1757220471,1
166273,1638385838,1
259648,1620331492,1
286684,1623572733,1
290876,1622373988,1
294665,1623549401,1
300782,1625172209,1
313115,1744363533,1
315914,1630193477,1
319587,1630803167,1
330452,1635011755,1
337444,1637465208,1
337520,1637492300,1
366136,1750741214,1
387599,1657025866,1
394144,1665635678,1
397219,1661011160,1
398586,1744830155,1
401904,1663278978,1
407085,1744205501,1
407192,1758270126,1
419738,1753037123,1
421048,1673059506,1
421953,1748176693,1
422669,1673973037,1
431766,1743823833,1
431911,1678651643,1
436483,1749695427,1
439283,1682042545,1
440944,1682813761,1
447763,1753039555,1
449504,1755819831,1
454878,1688839205,1
459634,1756518365,1
461295,1743530833,1
462517,1748176729,1
472328,1752254724,1
474941,1697862137,1
476311,1756587335,1
480232,1700544296,1
483262,1702392746,1
490045,1744977544,1
490201,1756587869,1
492017,1753551421,1
505922,1743752046,1
506803,1712922966,1
508256,1749072721,1
513115,1744422178,1
515886,1749695438,1
517420,1743608100,1
522547,1718781404,1
523906,1749501131,1
531595,1722273800,1
531864,1740170212,1
532724,1748176810,1
539258,1725136182,1
540443,1746892181,1
542504,1752154363,1
544594,1745950938,1
545237,1745446693,1
546883,1745932060,1
548781,1729102635,1
552689,1755923087,1
553548,1754148701,1
558013,1732467726,1
560616,1754226128,1
560955,1733633008,1
562226,1755463708,1
562335,1744423439,1
566399,1754047526,1
567586,1746375753,1
570421,1750186974,1
574008,1744391851,1
574452,1743632330,1
575550,1739629999,1
577208,1740254905,1
578592,1758316833,1
578786,1752362226,1
579255,1744963426,1
579621,1743768751,1
581369,1753080226,1
583323,1743009229,1
583345,1743443666,1
584528,1743679062,1
584999,1743357599,1
585079,1743378309,1
585154,1743418913,1
585162,1743424079,1
585167,1743426742,1
585192,1743437271,1
585225,1743447816,1
585412,1743502460,1
585658,1743545149,1
586076,1743709412,1
586095,1743715284,1
586266,1743793078,1
586293,1749530956,1
586311,1744413661,1
586501,1757847853,1
586778,1743944018,1
586804,1743958510,1
586814,1743962039,1
586844,1743967850,1
586995,1744105353,1
587018,1744036388,1
587044,1744049840,1
587058,1744055335,1
587073,1744059400,1
587195,1744134092,1
587217,1744141378,1
587265,1744413469,1
587346,1744210534,1
587782,1745932096,1
587869,1745174399,1
587945,1744627857,1
588524,1745974215,1
588673,1744810593,1
588720,1745355162,1
588722,1744830179,1
588774,1748478727,1
589073,1744999727,1
589204,1745120729,1
589259,1745073640,1
589622,1748435866,1
589822,1745358823,1
589836,1747984550,1
589840,1745282523,1
589882,1751078130,1
589939,1745335529,1
589949,1745339017,1
589981,1745362675,1
590039,1747984651,1
590042,1753394779,1
590044,1747984663,1
590049,1756260260,1
590069,1747984682,1
590103,1748072727,1
590109,1745419882,1
590247,1745474230,1
590367,1745526655,1
590468,1745577950,1
590477,1745585405,1
590548,1745609514,1
590765,1745695271,1
590860,1745728739,1
590907,1751565331,1
590965,1745862028,1
591074,1745872245,1
591162,1745872556,1
591237,1745912834,1
591289,1749285453,1
591348,1746419627,1
591834,1746176263,1
591920,1747685997,1
591969,1746223848,1
592058,1746290511,1
592381,1746367971,1
592430,1746377731,1
592670,1747564271,1
593182,1746676690,1
593234,1747984705,1
593289,1747984726,1
593310,1750419822,1
593393,1746791704,1
593497,1747984788,1
593526,1750379918,1
593703,1747595168,1
593828,1746964842,1
593849,1746974928,1
594092,1747088200,1
594194,1747142244,1
594256,1755638593,1
594560,1747334584,1
594671,1749422458,1
594688,1750402754,1
594763,1747506003,1
594796,1747447780,1
594922,1747502312,1
595113,1747575261,1
595174,1747587076,1
595178,1750587656,1
595208,1747654227,1
595296,1750519338,1
595349,1751260175,1
595700,1748068673,1
595991,1747963126,1
596024,1748034170,1
596164,1748413807,1
596256,1748092823,1
596279,1748095605,1
596521,1748176848,1
596721,1748251365,1
596913,1748326533,1
596962,1748352171,1
597276,1748484087,1
597395,1748542394,1
597478,1748573086,1
597628,1748633958,1
598083,1748811372,1
598088,1748811843,1
598242,1749776329,1
598383,1748966225,1
598654,1749095958,1
598716,1749140242,1
598736,1750169381,1
598866,1749285329,1
599043,1750790291,1
599134,1754224008,1
599147,1749311789,1
599373,1749810498,1
599516,1752362120,1
599526,1749459076,1
599631,1749503410,1
599634,1749504057,1
599637,1749504605,1
599834,1749591730,1
599898,1750143005,1
600039,1749694265,1
600041,1749692973,1
600043,1749693560,1
600044,1749695127,1
600047,1749694616,1
600049,1749695068,1
600050,1749694992,1
600164,1749759238,1
600249,1749785447,1
600368,1749843387,1
600494,1749896717,1
600595,1749939756,1
601018,1753883251,1
601094,1750169519,1
601136,1750182967,1
601138,1750183084,1
601139,1750183236,1
601140,1750183542,1
601143,1750183733,1
601145,1750183889,1
601147,1750184236,1
601148,1750184445,1
601212,1751792752,1
601357,1750274712,1
601630,1750591278,1
601741,1750422635,1
601989,1751400921,1
602065,1750534154,1
602270,1750615803,1
602427,1750676063,1
602502,1750697268,1
602578,1750726823,1
602717,1751115800,1
602916,1750878016,1
603104,1750947402,1
603354,1751058586,1
603415,1751083712,1
603683,1751285988,1
603823,1751245953,1
603887,1751400940,1
604234,1751416117,1
604645,1752514281,1
604791,1751641136,1
604931,1751680713,1
605238,1753406018,1
605458,1751901312,1
605579,1752012087,1
605641,1751986512,1
605749,1752017035,1
605921,1752109554,1
606103,1752166125,1
606207,1752199180,1
606425,1752667943,1
606537,1752355356,1
606544,1752357680,1
606549,1752369930,1
606651,1752400937,1
606872,1753353029,1
606874,1753353049,1
606876,1752500309,1
607675,1752814723,1
607826,1752884176,1
608020,1752956050,1
608045,1753545110,1
608427,1753118513,1
608918,1755634814,1
609079,1753452130,1
609102,1756266486,1
609119,1756696934,1
609127,1756697003,1
609275,1753538846,1
609761,1753632980,1
611042,1754115182,1
611069,1754245765,1
611404,1754407399,1
611658,1754371741,1
611784,1754566376,1
611802,1754597705,1
612660,1754744749,1
612666,1754746154,1
612670,1754746693,1
612675,1754747341,1
612677,1755184961,1
612678,1754748254,1
612681,1754748923,1
612818,1754792233,1
613496,1756260020,1
614386,1755445105,1
614387,1755445268,1
614388,1755445600,1
614389,1755445899,1
614392,1755446236,1
614394,1755446681,1
614397,1755446887,1
614399,1755447504,1
614402,1755447856,1
614403,1755448006,1
614407,1755448982,1
614766,1755616910,1
614896,1757088641,1
615351,1758226550,1
615488,1755951424,1
615490,1755951472,1
615492,1755951499,1
616219,1756178398,1
616298,1756217269,1
616520,1756322600,1
616649,1756383654,1
616828,1756477419,1
617015,1756557282,1
617087,1756579431,1
617336,1756671794,1
617346,1756670877,1
617568,1756763463,1
617577,1756765988,1
617581,1756767919,1
617704,1756822829,1
617713,1756825475,1
617738,1756834076,1
617790,1756851582,1
617794,1756852094,1
617811,1756860376,1
617936,1757142443,1
617989,1756943138,1
618298,1757096726,1
618413,1757140788,1
618418,1757142738,1
618597,1757224561,1
618600,1757225223,1
618602,1757225687,1
619059,1757432232,1
619168,1757631637,1
619350,1757556768,1
619462,1757617693,1
619534,1757792562,1
619535,1757793898,1
619536,1757661650,1
619593,1757708270,1
619597,1757708234,1
619617,1758143614,1
619750,1757781705,1
619752,1757781618,1
620466,1757973343,1
620532,1758077628,1
620655,1758054759,1
620660,1758055699,1
621557,1758403767,1
