bhop_aura,13286060,3515812,19b16fa6bad2364202bb1486d4ae18cec6adc419
bhop_bfur3,13464464,2668981,3d2a14c999835d778b3f6df6296a14d7073a4bdb
bhop_calming,45478917,8249499,7f21417e10789f142327a9bce65a6fc6bbd3686c
bhop_copyofroblox,1403416,49828,411d44bd61cd904dd851e126702c1691c2987790
bhop_fogcandy,40465138,7843552,77ccb7b87d0b3f1ed2c2d37800b340e0220bea72
bhop_how2strafe_fix,8390002,3185433,efe9fca00a2deda2f76ef07ba69a4fc74c9b678c
bhop_idk2,2818843,1038632,5ff0f8e3e10fe631c39890c2919034491b68c424
bhop_minecraft_bfur,2269046,625974,21c6074945ad6bbfe255adf221998339300ab81a
bhop_minecraft_cancer_6,736590,158709,9099a9d935bb4a3d5dce10f3feddb3844d58b251
bhop_minecraft_lemon,314129,43693,6c64bba1d0f08e210bb8def7c24b733662bfb3cf
bhop_minecraft_ssj,511753,88294,e1862af358f15354a5ed12dd181b3e1e649b360b
bhop_neoncity,29684179,8154866,18e082cafa455a44f07f9592e6fdcbfa8d1b6e96
bhop_nervosity2,22253245,2077043,9408df974b6c295400fb96bd94d7bd8752b169a6
bhop_pizurin,6844832,2959412,f5b8f0952ddaa1a666d997882186ac52bfece472
bhop_qtpzerohopsgiven_s,13910317,8255888,2a843559be3ee4e1844b2e5d1749b477754bb22d
bhop_quaker,22060763,7644714,512eb5b8b30413bd1c18fc1802428edf3a5ef260
bhop_ratedemon,33674654,3999820,46b40aea374fb1d9d5ed3a20ed405e5e7a2ecee3
bhop_tricks,245892,23694,e88ee028bdb8e32d3dd19a6b5b352d26655b7dd1
bhop_woodenspace,120632264,52608203,1351a880bd281d2628d233c766874a4a099e296a
bhop_zhopavqaqe,5755535,859655,9885688f5833cb9ce58b7df214726626ff24a2da
