Bhop_Om,2001960,567960,73a7f346f1694b25002a581bf8a50b2a2f5d3001
Bhop_semeroe,10982720,5654194,990126f369c502123f2ddd1262d8b7c03d2801e3
Bhop_strafe_heHe,722036,163533,506860953e4022c1e99116df8e3e428061796307
bhop_ColourMetals_v1,5227073,1719636,e9411cdd738ecc6efa8a669a421db49c8b43e3e4
bhop_Eu_v2,52645942,7245248,88405fef61e80faad32743973c30c766ba706411
bhop_Global,3130464,1101592,191f342b519be52e4f455012be5444d3e4a6d954
bhop_HaddocK,121204332,53368424,852c6743d2cfda5325734fd248fdc101349a69bb
bhop_HeLL,72231808,42838956,080de55cd6c01b75c8e0d02fb7f67eae82c1dc9d
bhop_ImLazy2,4330658,1607527,0e09d4b484f48c4cc4612f34a6ba978326b6b172
bhop_OLi,5772588,2807029,d5abfa621d315faf77b0561aff803bfb70831150
bhop_ScreeLee,30164895,14479802,630f18d34a93397c7d885195cd7aba26cfe01294
bhop_Sific_V2,3520056,719389,792116a09fb4dd24b5dd11efe76cc50483af65c6
bhop_Way2Lazy,2104708,883728,5c1956047302a71788c04e55e073ba81140558d1
bhop_Zelda_Stone_Tower_a2,7108932,5339117,ba39cb286ec3f559fead35cb509d6542b2f50b88
bhop_abandoned_fish,31429198,14214303,0dc05bd21dd07180320ff1fe5742b9430e615d94
bhop_abyss,305819670,182360890,638c97ea8f8bf35ab245141913c55860d1e43d83
bhop_bananas_grave,5895849,2428431,75882cd3b56161afe7aa35cd3b36775f7092c571
bhop_eazython,11060332,5678050,e3496e88b60057b26aaefa4155635f4bc3d49e3c
bhop_emojiz,67548187,17500846,ae0dea2e5f98fbce935ce425126e89c5c8752943
bhop_frotinity,250170109,100261452,230b51c1dc06485cbff93f0043c289b354357568
bhop_frotinity2,525629288,270535054,d8c0646ba76fa11fb26bfcbc0e310d5a8ed8a807
bhop_fruits2,216726365,100465434,097fb93bf1e7b45eab6eb98ffde7d26699afa554
bhop_hEXag0N,81176777,56910263,a2e9ae4cc802ec5bc8a3eaedc66a0ada6f0afab1
bhop_hellish_dream_css,142732092,65267363,7b86f5219df98370f9b410abf20aeb7089946e74
bhop_illusions,181721755,103043510,51c7162e8607479083fa46d4d1b5d35eb720fa98
bhop_inmomentum_gfl_final,194891221,73920176,c9e5bcc55e5f1e6c8a89fcf6990d55f9ccf17e4a
bhop_interloper,137222296,84566719,7ad79a8118b709aa374c0df70ff292a4b4f88b38
bhop_kirous,118090971,17579441,e2ff90e9febafdcb668ae07451039617f382f497
bhop_motion_track,16038898,2741539,ee0dda57acef48ead714dde875893f4a08dc9ed3
bhop_persepillu_FIXEDD,51278768,20820226,f37a87416f1e03f9a47af9b97bbd4f8a54a37595
bhop_prohop_ExG,14498359,2128869,8efbac96716bbf95d4f010d589c567f43f56d8b1
bhop_shutdown2,308821028,127480805,8be17b2ea61c514563c82708705c55b01f8552dd
bhop_temple_ruins,99616131,48068177,ed171e2a80cb3b366d5516485e2515a0e85233a5
bhop_temple_ruins_v1,99694564,48080711,b2c8960b5ba8baecc1b3567849c75c4fee6dc15f
bhop_temple_ruins_v2,95700107,46985304,1fc229b88cdb1b404724e9252ad4644c9a89156f
bhop_ulikestref,9085192,750783,414cd7e47c21eeba4d97592a6d06b9d306187c80
bhop_umbra,251702480,144754903,5ceba8dc3b1205eca1515ec7e40db3fd5d921f48
bhop_underground_tunnels,8208611,3564892,56b1afdcc0a1f38b57ef730e5187f29b13b594a2
bhop_woodenspace,121930450,53441334,f7d85b20a2df095299762c3aa3b257ed4c4c079b
bhop_evoLintent_b,62449240,22812097,b8f3c23b899a616ef417706387efad6bbf9fdf70
kz_bhop_awake_fix,230400135,129737790,6146d1c22eef4d65913b7c2cf6c41f88b2fcd8c5
trikz_zen,37431108,11760999,f462572b0eed85e700d145b6424312bb434e9811
