zm_Chernobyl_v2D,149495868,60146857,25d9b646c8256548dfc166bd9bc968cb11f6654f
zm_Chernobyl_v2N,174724432,59537111,7d9194cb5b9b71c750ad2f0b227b59e8ece6da36
zm_Chernobyl_v2W,149594376,59608592,03984d52e20ce297bfd7fddf6e6b6eb4e7c6c893
Surf_Isaac_Blurh,10612204,2403743,5bc166405aee92a92b83fc5d8ca1ee4840d52e7f
aim_pripyat86,46443169,21367492,b53c2c6cefb71312c277d300f8f32ac52ee6fb06
G-E-R_Rats-Doped-Fixed-NB,19985340,4627978,cb1d955b990026114f10f7a6f9fc3e6c67bda2e5
Rats_1985_v4_CSS,41472444,21699636,0996a3a9a15768ee4e94b402da971f48273fdedd
Rats_MinishForces,13056088,824928,af50d84befb44b166170210c87f5965a640e4cb6
a_rats_1,2263416,777007,e9660f57c8c382f385b99a96b17e5901dd036d54
a_rats_2,4070512,1478453,9c1bd6d8e78d19d63e8575338b1d9f54cd186870
a_rats_4_final,3040020,715457,3f935b8a6b0c0239192ae3bb994695ffa1bac646
a_rats_4_final_xl,3928656,829772,734c1f516261e114fc59b2a81973afec307c0822
ag_rats_balls,5045540,2076782,b3596fbe882878b8e90bee08464419d493659d86
ag_rats_emigrate,3152348,583822,2d97c509e228c07f7acfcd7951d272e91715eb81
ag_rats_scout,3250464,1113651,ed1cdc8b50914afe37a140fbddd112191d6ac439
ag_rats_teleport,3232416,454276,289b8438234f0be90258987539a925a10beca8d8
ag_rats_teleport_v2,4127720,590145,c978cd1dd12820ec152f20f24def83d98d247321
ag_rats_teleport_v3,5429004,847146,3d320db0bb478e423e7be8502249043ebbbcad07
ag_rats_train10,1987344,627275,3aca36f74d41c032e2bc70ca6bc888de7a1dc1d5
ag_rats_train10_beta,1876080,363353,284d864585ab64de6b7b001a671ecb3b24c015de
ag_rats_train2008,13760792,1349768,b26dae2ea46fca149be12e477fd2b5214a29e7a2
ag_rats_train2008_v2,21454908,1968797,66045bf77a6defbc05f979f08483d5ac460e21b6
ag_rats_train2009,2919360,597703,5f913529da3ebf3131029073c2559b96d4b68095
awp_monopoly,21377212,6253176,373259d123fdcb5f0ecec3b513f056726d2ef01d
big_houses,599608,203478,33a2f51df87a2d7889664fd9a5cd3816b9ce4212
cs_mice_final_s_b2,19853976,4851857,55a819dddaddfc15c4f0ebbb8e63754d5c335786
de_actionfigures,59564156,30589386,09184b887b93cb8bee005bf87500a8d2d6d992da
de_aquario,21159574,7088981,bdc95209b8fc6fcd2377a5d282c4a1e3a770a2cc
de_bedbugs,16776128,6605730,09af2d141a2490b822e189e3554fcc906b94427b
de_birdhouse,8146940,2403673,c6d213e642428df1b549ddb4f319dbdd64032f13
de_cyberwar_beta2,29914840,11900432,23780724dd9c7fd81df312f473b68a0948ad8946
de_deathcookin,14386584,8175750,cea1b824a3f170570a214c53f58f9f356a3971f0
de_dolls,8061559,4373221,44f8f49bcb92325de41b781317e35bf162f7dc2f
de_ferrets_final,12598280,4627345,e8832bb14df73181f5b8dbc99dffdd55c37c9366
de_freakyrats,51055393,31380628,b6107d3062d67d3003216be88018198701efe471
de_freakyrats_beta1,37939674,22973213,bffbb9885cca0504c2d796d1e5d46d2ac86cc940
de_human,11915157,5817933,17ddd4a74669bc7705fe2fde3de80f40518228b0
de_nicks_apartment,19777255,5585624,d172f570642d955b188934ecb8fcbce03498ec62
de_out_rats_v6,25790547,6605585,006d986af427c4f96d75329b9d6cf71578efb9e5
de_rat_cuisine_v5,17469892,8735277,1a855197d679d1ce78592ff40b02abb2e9c69f7a
de_rats33,8964144,2998254,df789e1d8ffd100f146552f8dc1d4b1df1187d0b
de_rats3_crzy,14825612,4922970,69060aa2dd94b31cb05e7c8ce2b6ce9fc5652b12
de_rats_2004_crzy,6879676,1972988,02957c5d731dc9fccc5d23f5d789a69618a99da8
de_rats_bath_b4,31614856,11639502,e7ccf311bc7e7ef28b63387c8f206cf4e90d59bb
de_rats_bathroom_v3,4712512,1474231,5633cf4473ca3ad4c7aa9f892e77d3dc30e8c3ed
de_rats_bf_w_room_light_rv,3625528,588925,2ee28790bbed4194f1559f2afa582d94797487b2
de_rats_comic,7771621,3094698,f6f3c9d3e888ccba8bae33d51e80d24d92f31bb8
de_rats_crapperv1,11795984,3065840,c3df02cbce2ed9e27878ec9ad68edff7fc79dd92
de_rats_den,22969556,7095369,57b5a7d24b5b775a296823ccac52bf1dcb28f249
de_rats_den_v2,33997402,8051703,4889b9fc0e75a5a733f0236fffdf7430ace21dc8
de_rats_desktop_v3,979760,307106,2f7ee3d8d1f1749161d0fed6c07e65c45f36b606
de_rats_home_studio,29476720,16021331,0e5165dba662442ac4dcc656af78ce714d6401f4
de_rats_jgc_birthday,16976132,10447495,9cd77e66df291e88c8e93c67b876d92ad4f36142
de_rats_marks_room,7959596,290959,271258fa0dbd8f1308b131a6ae4f61a6d8cc2499
de_rats_money_room,8891308,3153633,9477cc5bdd649b1ca34fd1bd32db37c683f87f6d
de_rats_ol_rev3,23358434,9257261,24e5034cec91aeedaa3144f538a5c97bad0f6bbb
de_rats_poporoom_b3,26359352,12429114,265fe28bc3c67cd331566902fd74cc954679ed45
de_rats_rc_1337v4,3541347,1415349,9fb70a0a9a73bceabd2239579ec83c34442ef7ee
de_rats_room_boy,1133184,95246,2cdf796d87a33d05988c8fc07ca2a7e6d6ffc1e8
de_rats_room_v2,3880932,1320376,4545136d86f355b81a93de74fb054ad9d640ef48
de_rats_room_v3,8505236,2973356,27c91b709741f6a1aea2cf3f4ee07203c9ff5e46
de_rats_sendox4,19049249,4480356,688f2fc5e69da184131887510f8d3989e4af6879
de_rats_sendox_home_V1,18174286,6977190,91a2066c2b3b2d943ebf21be0bd2999cfe828b2c
de_rats_shower,5996048,706241,39169d91f85b8a7b1ecad668d21952fa92166cf4
de_rats_wardrobe_v3,1645732,197978,9730658fa7408a5f8677c7ed17b5ddac26e48878
de_ratsrx_crzy,12401424,4664102,4c0a67af5f946ce5f075abb60c8285cf47ec2365
de_sunstroked,30043004,16367264,79e4aee3bd7e83b9c8ea889f5187963ec6bf4422
de_sweetdreams_b3,26011515,5992027,0b70709f0880c3844b10b7f0d0f6710a5c9424b2
de_toilettes,10330584,3865312,6f4e6d6463bb58358cd852e69f0ad4170177aa74
de_vinyl,10908714,1669790,b5699859c602f8e263bd57c31ce759d0729b177a
dm_aimcookin_v13,7758796,2997674,2d6a1a4ee5dbcb2d6b212a1105ee5f38c00b62dd
ea_rats_snowfield,10822268,3661851,5ac7f13afc2a7d9d7e82f9e456c733ca7af69049
ea_rats_train_v2,15499500,3061930,acf494fb550d6aa6fb5b6b023b5338c064198862
fy_RatsKitchenKonquest,11266620,5348824,8e5ffaeb1c7982e315509a3a046af13e3f42bf4b
fy_RatsKitchenKonquestV2,21557521,7887470,c86bfd169c42e2accc6ff75cb89df89bd065fae9
fy_ants,1198688,338783,8c32b8608a7a266239385e1f5709679023c2470f
fy_matchbox,3985284,1735182,613207f6d5b236e18bed7f4d3602db5c10090ce6
fy_rat_angel_v1,2686196,768905,94f90e6405e19aba2ef5ebd5792d49efcb4a0929
ger_Rats_Simpson,11519484,3727377,7145b1aed402931416393e7712c004165411bda5
ger_cszimmer_final2,10752944,2117304,d47a8ff05df4a6340fd4cf266914be1999dd21b5
protect_the_house_final,5208554,1105913,c9a15142bc5512521cd9bdae2d2fd48685a726ec
rats_desktop2,7434100,2653463,2cdfba34c16d95c01c1c7cd5303f87193f50713f
rats_digitaleq,2165416,206247,c86edc6e42423e69622a8c11344bdcd81b96a2f7
rats_map_kuchnia_v1,6898616,2532724,cd6f7d80fea43a39a70a72be431f060682278f41
rats_myroom,4694140,1963333,cc5bd7d15691da0cd517c2174526cb72a22121e0
rats_nes_x,725304,273892,50b2f02f3a8d9ac767dfa80479c6f0d4aa3dd3da
rats_russians_room,19636840,3803339,692751f21bc9b70cb8d460fe1e6f4b50f044e946
rats_russians_room_v2,13933268,3343229,55b6e796b4e9014a31978df2400ae7feca82233f
rats_scoutzknivez,4243084,1644037,68f6eb5f6ad065c5bd0b54fe87435ea635f888f7
xmas_rats_b3,13239634,7393812,1c406e803add5ebecaa8c79e0629d418ad78f00e
deathrun_L4F_DoubleD_BBunny,12649751,4152983,635c094a3d258725f46db0a89e3547d8a8dbc5ab
cs_ulb,16706084,5837308,32fa3b4150b519db261f64ce79f4ea118483827e
007_complex,2058768,804323,f1c7574a842a925bac0370e99dea5d3d37893869
10roomshootout,210988,24675,d74c089df806be9c83b071edd3f2617a34577dee
1bettercorridor,652176,268666,eb753a4dea5b1e96a53aa4c7acc72a112e69d853
2ramps,668148,268128,584b1625238c7f8804fe4b74919b128619395ef0
3d_aim_map,3813912,872480,6569606a5fd2930e7a6120ebac62b1151cbb9d6c
3stories2005,1746016,192319,8ac726c1a9ed4340637332016471312590d8708f
CS_BeachAssault_EK,2415048,654993,ad459547bb3a73391a58fa218835797221363298
MATVEEVKA,5573436,1721972,0198602560998c45b735696e760e56a68119fd0d
SlideRace_City,7658500,2556438,d24aff609457c05ecd37667bd7ab13d4d69d4063
ad_glass_final,10320060,847669,2b7832909caab13f73b166d855e7f6082181ac8a
af_omega,47147037,13949593,163d24ce7b71ac389fd668f89ffa3e52612694c9
afk_6killer_advisr,753176,44903,6ffce579e040a236de10eb3eb0b1345d2998f654
ag_rats,4677920,1200038,9f2bb3b7331efc6f23b54e11d0292af59795e1ee
ag_texture_42,1195504,278061,662bc80c37bb6a080939cb8807c9ba510d50237d
aim_00,12640207,6510574,1e0c06aa13d1c5d714b194fe683d73fe68affc4b
aim_16rooms,140116,32511,c9ebd940ba4d29bbbceaf17e9e2216e5bb2f4b41
aim_47th,1363668,637717,3db72042790b2dcf458e1da4468896823f61339a
aim_47th_v2,1399324,613925,67b189035ca2cbce742b686dd1a15240ed954b94
aim_48th,2613704,989934,5b329d5b7a6df19b2973fdf878dd2113282f8a0a
aim_5minutes,289648,136590,2633669ada82c5924a52d74786e6aecd097b94ff
aim_advance,2965156,1091631,496990f5060df926972030db1ddfecf9a3fa313a
aim_afc_lasercage_v1,3031352,1020775,1b7417b920a28ceb3bf1f667b9066ebff74c4ca0
aim_ag_brickedin,4050688,911817,b944d02c0377366101f7cbb465d6ce6c82cd222a
aim_ag_texture,678628,184766,7696cde65a91a37c121242890be6888e1c07b06f
aim_ag_texture2,1159140,367900,dc87dc5d11713ff98d9da6d00118819d98b2c0eb
aim_ag_texture2_awp_hzd,1158942,367628,ba084e8308aec0c540d7c40c7facf9653dbff8bf
aim_ag_texture2_modified_v2,1846788,615306,a6b4083299d323a3b66ed96c4a80d815fe74c5c6
aim_ag_texture5,2166160,877760,9bca2450ec909301b0ca5908a41a4282b63ca61f
aim_ag_texture_agc,1024548,294226,15cacc366c03750f214afc8cb071c8d66d8fe366
aim_ag_texture_city,1786012,615896,ad25333df752fa0cdfba78ff58f5b1d800a634b9
aim_ag_texture_city_advanced,3926248,1290581,347948b9fd8417385373f2013e9583d3322d962a
aim_ag_texture_forts,1451593,306591,1a6428be9a8f1e6f98aed669a5079ac4b429f6ea
aim_ag_texture_jungle,4441940,1541445,1cc3f81a9936c72f808e0fd59e6b335af1571b0a
aim_ag_texture_lupincqc_v1,1113624,73738,c0e0b4896a551d6b144a37beea87568cb31aef20
aim_ag_texture_s_final,1600966,470867,dd5e0e69756253673cdb884e87df1d6c040ceee6
aim_ak-colt-amh,3357024,575363,7b0ee86400687ce8ad282adcb28cc6f784e557b5
aim_ak-colt,422224,133461,dbdda6136263181939e9c7523bdc3819a0e232d2
aim_ak-colt_14z,901764,122553,acd69afd302fe8287099acbdb8731442e007457a
aim_ak-colt_cssource,429644,64337,515a9e2eac09bdd557cb4c125d52f95004e5d9e9
aim_ak-colt_fusion,2373664,514118,ee2b8c3f0969b46af8d1c69d3978aab999f4f37a
aim_ak-colt_v2,552968,163744,83c89410554f48e19425e2bde20bc9dedf325a57
aim_ak-colt_v3,1085064,276027,433e16eba629ead483cf6e2367dc61383ed87209
aim_ak-colt_v4,1271100,405611,4826d8464519c968e70788083a86f64352224225
aim_ak_colt,185396,60262,54ecb25c2b65b466aa8e597fcb6e24696464d9ae
aim_akm4,158392,50935,8e2744a82c625d74e537a33d7e03176929017efb
aim_akm4_lost,3423867,1352903,69616bc4691ec3450917c7d02abc1eb92230597f
aim_angel,1409552,588827,3f354f4453f72ede08d8b99edf0fe37ac646546d
aim_awpknivezz,787268,344567,ed37c70382da4052d89ba1e3f89e0929593df5ff
aim_awpwarz,2062928,157526,e13dadb27f671e88281e86fad8b80a4a116b88e4
aim_aztec,2278860,838805,827e3a851a410afa2c68597df15faf55b51fa3b8
aim_aztec_arena_v2,5210000,1816502,16d37d601e4ed45b5452bcc44e911a0f9442ce1c
aim_barrage,3284132,555458,3ccebeccbdd8ca677380e72465561077b2ccf2a2
aim_bliv,1320564,379777,daa7d637f72eef86fd511420a280072977f4a470
aim_coast,3816244,1255878,08940a587d7a9db8765a32b338953e6547a63df7
aim_combat,1971924,432256,9bf4a5b0dcd1fc1fc343ad3691d784397f06cf0d
aim_confusing,381976,99131,6d7000f29a4c5a29efc75403b0d76acd9f611a36
aim_copland,9684621,4119539,8fa51627b2b95155710cdd6a9eb1510aa59a274c
aim_crazyjump,2123736,500697,0648b3e542bcc68ce6110f5537ffbd405b39dc17
aim_crazyjump3,3860212,995048,f84183550a6dce4aba80fef2cd57c06a17dcedd3
aim_crazyjump_simpsons,5270605,925587,11fd5a8dc9146aae39d87194f2413104c094ca15
aim_crazyjump_simpsons_fixed,4123476,688788,474c2a938a15d4e2255b5b1044a99f4813332b71
aim_deagle,854812,127505,9c988a45b79b875c85c332d0c62d9a7881b480bc
aim_deagle_2,495544,263474,7046af7ea84a59bc7e1e2b86e368d9efd6a009d8
aim_deagle_af,1120196,92490,26afbac2e5e7e1953fd784cb02c73efdd4a485f7
aim_deagle_arena,933252,268302,85480c4b2b0143a36c94236216e3a009e0829365
aim_deagle_pro,857668,359979,b3becb3b90c66aaba2cf7584082ed5a20e5ac4ae
aim_deagle_x,2341680,844654,18870ae1257ffc7f78e23c5cca500db020faf1a6
aim_desertwar_v9,2012996,805329,2a052b5b90bc37f2b7e85df71fc081efb64727ea
aim_doomy2,1888832,644058,c8aabf5f95bf489024b9b36e9149bbfc083afbf4
aim_dust,1191132,447122,50deeab5bfec1589926f5d48892ceccd502477bf
aim_dust2005,1333684,396845,70f5907d6e952c515275f74ea267bff936db0e49
aim_dust_town,931752,283218,864adaf04c701356645b6157509c07b33f5ad14d
aim_eagle,4418368,1422493,21d01281a5769d41340fdf672505a3c304d4e128
aim_extreme,8585960,2617025,b0175d7a9240c458768cc803d64d2c96d21e3337
aim_farcry,6020292,1430672,12754e0e6aff09f7e245cab7590d3f7db6eec7ab
aim_flashlight,506852,185015,7c046f56663c1e826dcbf8385c0656fd84702d15
aim_forest,4905336,1715209,a1b23b6d1cf19cd5110729f398da402946e4cc7e
aim_furious,1100896,376680,f697c9af1ed140107614e76e6168c7fe0a612e14
aim_glockon,769012,242913,f2801706931a82d14bfc0f20a5d915c22eb8e66b
aim_headshot,955712,244519,38ce2cac1e5e87b024c4bba188e120ac75005432
aim_headshot2,5827007,1803459,5812fad6f4393de8a8eba90623bd1a5d8bd7f87f
aim_headshot_css,495516,155535,d305d922aef964fd2f38c1969f7facd4d850058d
aim_hunter_arena_mapix,2293080,809476,4b898df1169958e6256b61a72a0d7a502115faea
aim_icemap,1658120,440169,8278c1101bea7d978ace861712ee1bb3d957b16d
aim_jungle,1203048,419337,60f107f484f8b99000c048828f118910d6cb83e8
aim_kief_grenade,681692,160432,bd07f5da4e70066312922568f14c2639f7dc420c
aim_knife,1421468,560509,c2fb773ac2088d63cdee8de013ba0d99c7a2e5b3
aim_lake,2829736,731452,43e63c15b7b0cb1b01fa573fe65ae3184392f8ac
aim_map,1270840,354661,34bff849dbf0865e74bffd07134458fb1c7405c5
aim_map2,255308,101445,ab042c8dc960dbd0dc6b60b82ffe52d3f8e4bc15
aim_map2_awp_hzd,252400,101244,3c54cd45fc5e5011f40b5421c00c67f68a93af22
aim_map_cs2,1351916,249329,8ada9e071a0b7892fdbc2f92ef3e944496af6591
aim_map_css,1039916,178916,dbf4761ea3261925e10cdfe00ad7118d226ef7ee
aim_map_s,1975420,520204,2e36b33172c4e122ed142bbcade543a189e2fbf4
aim_map_usp,2053352,272889,89f6dd234f3eec5b5e473b991eabb19fac827ad5
aim_nolf,883420,410511,f8ef08040a6d697ae4f1d63b4081224be7c73e00
aim_office,3631616,1230010,3fa1ee3618c059537821131f60396da869d303cc
aim_paintball,972944,417263,24bd0d8b6abd68defe0235138cde984174a88f8b
aim_perfect2,1283360,423783,70570ab4107770379a74851e74f87f7aaf27a478
aim_pool,1845888,434961,3e2bf4a3d4ca8282363d8c8aab2f7e672a62ae93
aim_priority,1133000,404865,65799d298ae6ebb04ef74d40117a470fec0101b6
aim_pump,1505840,882395,1588a1ddde0770868dad769b4426513528bca3d1
aim_pwned,588620,144675,bca3c2d5ab0dba58762092b1d7a3ca018df87721
aim_pyramid_2,3667240,1329058,9fc7e2bd544f67d76bd6263ebe532b737caedc0f
aim_shipping,2356800,916920,5d99ae2dd256f1dc76c96a16abb9a9081f6c1efa
aim_stairs,1777240,535500,14395d8a42fcd3644888eecb37bb261e8d3c4d9c
aim_temple,18256887,6171679,947acff5a705e15e91661d1af3c3a78db518fff6
aim_texture_obclan_arena,1613249,661130,7c698ed135cdb737d4f0647109949e4d4098a8c1
aim_texture_towers,293604,130058,d4173048dd0447a5900b15d768859e04d2046053
aim_tmp,431500,167440,e41dc60c3c71ddce710135bdd4db45cf4f82e179
aim_usp_intel,703136,269714,52c3c1afb7cdbf5016b9bb493ffbcff7b720ea23
aim_usp_v2,411432,126720,b151bd9653f77a875013a6b3cf46299b61291f31
alamo-mds,8908452,2733229,f6d7901dc6167f662bdfaac673baa42497b229cd
angry_overpass,1186644,359804,41e2456491d16ab2d932cd5efd854cab664880ee
as_arctic,22118548,9146418,d49afb5f4ebe2b752bf961bf1ce4e47733c1237f
awp_4t,1748064,372483,8076ffcb7467ef0ee462ec2e08c1904aa6a8f13e
awp_arena,1000912,112886,f1a6d8888329cd04905c8a2c52acb58d993562e4
awp_arena_long,137556,20687,f5a72e7fa8d920b805e2664a677f80a94d6b7033
awp_beta_32,5641692,1151129,8896b1593dd39ee37cc7afbab181c7bc1c49fde1
awp_bomba,3057772,1057171,a777ae5f0db8876d5c3c25338d454b3ad038e640
awp_city,6860908,1713943,cd2c29575c12d579c59f1a17741c6995220a0a75
awp_crazyjump2007,2396956,342621,66cdc9af75856ef4c56aeba65db8f8902fb24035
awp_dust_sky,5708516,1500547,9760cef5f00edfea29d578cd56ab5f47a8a622da
awp_fessy,1076316,190301,1ca631aa50f6229adfed8d5e8d8a9c7f84138c91
awp_forest,853980,276513,11c0caafbd7e8756020202ffd89228ba3742b09f
awp_garden,5033548,1470997,1c2ff19844bb8390f868acf45571d54a5ad9a9f5
awp_godzilla_b2,7451276,1357711,9c594e4e0c69e5ba078ffcdbb9de87f45c4c2d13
awp_india,3508120,955697,bd9939ee840d22927e06858245b33c52483d3559
awp_india_v2,4368120,1174210,0bb916398e1a55be72848cd9419315d5c7261bac
awp_india_v4,4311292,1250308,8480a754c7ba5a4383b33ed6be02142b432968a2
awp_kfs_city,3278184,621999,d94ec2b407dd6edd124c5b015d98da3afc3f357f
awp_knivez,745700,321022,421fa5dcdc5100a4d41d469a63024fbe8854d154
awp_lego,6228870,1653814,be2696bd8bb6d6876ef0309e80f70f9d78c9dcd8
awp_longbeta1,358812,25665,41457b92b17c94c48180967e9ebb6d91a908ee42
awp_map,821340,297497,bf5b21f058965d744867ac028518018c23033882
awp_map_2b,2560432,620771,c0ad605939c739aae31f689f62ff6c872a65a8ce
awp_map_3,4906768,1523303,0f6237217bf504ea83e6a713b4a05ac96db56e74
awp_map_css,161604,45349,653d05473064717b5f4b7c97fed9aae3d4427d74
awp_map_css_v2,2821024,707335,163b4a5ff3662832423b585e6a2482d8961a1654
awp_map_dust,4140564,1239261,ab6251e675965f86f8ee28544f8f73435dae1003
awp_map_run,2866884,1055371,d37ae6001d5346c771d535384d1c190dc5c5e5eb
awp_metro,2803300,902912,e3084749f9e4f7d102d049c9159edf36a2fd25e0
awp_snipertowers,950580,234756,b41325c7c669acf55d7cbfc504e32516e66109f6
awp_snowsk337,5175632,1487200,39bee413b6a429a7555c01be24b18882e962adb9
awp_source,3139820,572152,6901aa2217f8119c05e45b9eb29441b3a850b4bc
awp_source_map,3139820,572152,6901aa2217f8119c05e45b9eb29441b3a850b4bc
awp_subzero,5748340,1468350,87200945d8ef8f834844c08d4a4825f912502e32
awp_trains,1584116,630262,38674bc9baf713f5e5f5b970167274966528abee
awp_wall,7735340,1775707,0d67b54814c7bf79b7e4eeb3bb7b3c8eb841dac9
awp_zvdk32,1752576,777727,02f17926112ea34ce70c8ec7cd49342aff7daacb
awpzknivez,745612,323670,a08d3271bc884d0114bf9a6581346ebabc4a5608
ba_parkinglot,1233176,138022,e8121b86474f9a1793cc536d48b4232fdc539d03
balls_r_us,1043264,241228,45dc506f1df234be1046ee4767e891785fdcb999
break_towers_beta,4897880,1152965,4be23b9cf042f138e08001585de523387202a9d5
breaker_beta2,5636404,336789,9f2542b8d904baafe7120d7ae818f7f79e4d82da
breakfloor,4435016,623565,c79ebf94f266bf89ba6b93f013910780cd0a9d7c
breakfloor2k5,4027384,672578,20a09af99e9970ae5d849c6d571a2b5153e12f6e
breakfloor_caged_ks,6456732,997242,5db645e8d8eeb5e6ffe6b5bc4c80ae3d6425d560
breakfloor_final,3842080,543100,51e0d07664556c74f840a6218039e6d93d8dfe82
breakfloor_snipe,3843302,233164,e5743ac381680c6ba813bbc9d70b1bb4ec6a24b2
cs_747_css,13210034,7002593,153616fe254f9f3a8526f867321a205fbfdf95fd
cs_arabstreets,6315404,2363831,0d048bc1f0ca421b58355d1b13a02f654d21bb64
cs_assault,10779556,3818081,3cba4108d7efca913497224a834e085da17de1ac
cs_assault_16,4423648,1421365,34b053a6df49344b2937881bf5183c0f4978905d
cs_assault_2005,3805232,1663756,1b4cd99958219922e7bf5142b1782e0cbe16e657
cs_assault_dar_b1,1927920,844801,f5f6b1c9227cac44ad1f43a155a3e5ba1427d3a4
cs_assault_hslan,9210860,2807187,07b2bc58ad3b5ff57b2c7e5fff6adbdcb56c9708
cs_assault_reloaded,2551040,974213,8b9abd08590e998e0bea3c71e93cf42692a1c23f
cs_assault_tactik,16303981,7063472,ac66e0f6b0d733b2390f143d777237255ad0a330
cs_bureau_source,7814259,2986059,3f102daea72db08c3d556e0d0bf661bfe642e40d
cs_castleball_usa,2329672,733021,d6d36d2e45687fcf64590baca4657b7d1ab57c10
cs_compound,7285256,3183723,a48a221cbda13e7382a52a7726dde133dfc8085f
cs_compound_awp_hzd,7285235,3183802,7bdefcce04cf8ef392bc355150147d96bdc2b350
cs_deagle5,1421492,662507,3b6c80d3e436fef9ce8a5cadd8af2e13d926b73f
cs_deagle7,666028,272240,ff96261faf0518d0af41d4064586f1d90a461c9d
cs_deathmatch_source,9484092,867737,22c957d6e4f3f1b782aec3a8da48fc8518b9ad5c
cs_estate_css_final,6295196,2256050,3585d1d6efd0032138ba9c0766fd1b9fdceab461
cs_estate_source,9978548,4721237,5873909d6146b2c50b3f7734b325ceaaf3fd779a
cs_exile_b1,9020287,3699601,96858977ab21c8c333a39aee66689f532f75a0c5
cs_fickendilly_reversed,6518215,2392840,3ab5b425367ecf22951e797daeb343cddb5edc79
cs_havana,9887492,4308355,701eaac5420cb5a098ffd0ac8d4bcb07ca8bd8ba
cs_highway,18464500,6468308,2d033b48bca623559b4529f56ccf3513ea1e525c
cs_italy,8749960,4037512,965a6d0bf8823f65495b7f708932874229723bc2
cs_jungle,27050824,12410737,996d09d9d01839f0768adac72303853a45424c67
cs_lanpartymayhem,314504,118420,7ecdfe74f8d3cf474b05c681cbe784264ec6477b
cs_mansion,3245380,1253999,45163425b5d3fba0248eab0246202e1e11f0f095
cs_mansion2,2978164,1052672,769b6cd3877a9750c44397a4b0416227dd2cdbdb
cs_mansion_remake,5083196,1545871,44c962123dd5a8f53cd61e8770078e508debc7f0
cs_mansion_s,3160392,1059786,7af46e6f69dd77078b95b3e19f6be37a40f33f07
cs_mansion_s_real,3160392,1059786,7af46e6f69dd77078b95b3e19f6be37a40f33f07
cs_militia,25173348,11060254,29873e32e5d4e8433e891f8b1fdd42a546addc44
cs_office,9830412,3861388,5f8dd23bb0626fae600772c56c708100c09f2af3
cs_office07,12039049,5535818,7c1a28e532f3cbcf2525504df68cf1b001894e10
cs_office2,8631340,3695401,aa61936f128507d7f808fe9d95144400d2b52182
cs_office2008,18319744,6336167,2379e8beeaff7c6eb39cb3683f32351c3b0c2f01
cs_office_extended,8631340,3695401,aa61936f128507d7f808fe9d95144400d2b52182
cs_pf_dust2005,1282792,501776,c5e85c6f7cad9b62e757c6665696cb5a59dd15c9
cs_reflex3,2274488,717163,cab6d53bfe0cdb33c3f7ddf2ff7f81117e0f8d33
cs_spetsnaz_v2,4660588,1823985,909bf529ce07f190fd7039ec14cd88a758a951b4
cs_yemen_source,6403080,2111009,0a90c148d99085dee2c58307cbe93ecb7ae10094
cspaintball2_s,891132,346805,2d4c10963cc5adeb19ed6f25c9cb6a7dad817823
de_aftermath_beta1,3381328,1364343,fbffc77a07e1dcd8718257ae8d26cfd27fd2a8ed
de_alivemetal,9938352,4258795,7ca60c76f8dc6c4efbbe16e0a167f01ceb4ada52
de_aztec,15808992,6409116,27cbddf495dacb879d92ab7e99ee07e8bd0bfcd4
de_battleship_day,17427408,6371104,2d2001cf24f511ba0c7abc4f08107b47c98b6616
de_bedbugs,16776128,6605730,09af2d141a2490b822e189e3554fcc906b94427b
de_cbble,10764020,4896141,28431023f76454c0d350c5c15f3fd71d54f95715
de_cefalu,11890957,5386856,7644d781e732d85680cea60746f1172e82fa840e
de_chateau,13661888,5791655,0b57fb003caff312866090b7a7b0bdf2e40145ef
de_clan_mill,10982004,4284836,9a51d6ceb467f64a91286bfae6238c3fc5a3561e
de_coast,2195568,766112,408be1477881af5dd45721a8a7e9e10a7957061f
de_complex,5398552,1536896,0b7c8efd687038ee616b5a9c1727026832d4d59b
de_contra,10229972,4447473,00cf292d5182da3c779136ab9b8ab9236cdb855e
de_cpl_fire,27800844,11531028,6c022a7d1b0634e9b31bb7603cb65bd9d3021a1a
de_cpl_mill,8372280,3360466,9481adb078c8346308225d994d352b804100d0bc
de_cpl_mills,7967152,2821075,692fc8c915f850dffced326a23d0dfabe4000acb
de_darkcastle,10816752,4670782,6960873803883bb8cdab1f329e689227c62718d8
de_desert,1481276,328842,4b5efb672e35bcc992409d6d4e22452483617c93
de_dust,25318512,11163614,3d2ccdf4ff211c0082e2b99349968068ba2bb493
de_dust2,11481788,4825986,46b872c21f81b627e723d85f294db720471d9770
de_dust2_2007,7728700,3573598,4185d6da6591ba58ce04712e3f72c57085195878
de_dust2_reloaded,8592508,3912110,f85c61c1d1ff8d86b99560f084829046a647a4e3
de_dust2_remake_source_r1,8592508,3912110,f85c61c1d1ff8d86b99560f084829046a647a4e3
de_dust2_unlimited,13636396,5745865,851fbd84e5063f031fdd1f3261820953170223b8
de_dust3,14989540,3807283,5f395affec6b014a67a1758fbff3ca3b301c7bf5
de_dust3_ch,1096620,435949,93ea159e533640a7d842267fc5a6e6c82e459236
de_dust3d,24367592,11435412,128c5abab36e492ebd71dda36cb46bbb94aa47a1
de_dust_castle_final,6657644,2875200,8d6340652e9408fa587a55ebd3f0b85e26bd0909
de_dust_pcg,7663696,3063889,a5d213ba62ffdd74d35913cb1b94255b835b1f63
de_dust_remake,8592508,3912110,f85c61c1d1ff8d86b99560f084829046a647a4e3
de_energo,24215504,7364314,26962e3911b72e4dadda7bf9231b07cd8f60a64c
de_faultytowers2,3030196,854569,0f5615db2b6449842fbd42bd0a9735b6aa6c4254
de_ferrets_final,12598280,4627345,e8832bb14df73181f5b8dbc99dffdd55c37c9366
de_gristmill,4014844,1603500,38a961781562a770ea6740fe72551a3f156b1bd0
de_helmsdeep_fix,3496808,1297833,9b11fc3543b8c65994fcc47b45140a6da4b1687d
de_house_adi,7827960,2383313,a32ecf79f779efddd10d6f8359aad9c98fe431fc
de_human,11915157,5817933,17ddd4a74669bc7705fe2fde3de80f40518228b0
de_inferno,13479240,5326645,3b401aea5c5fccf42963f1426880c52b5dcf9d8d
de_inferno_pro,10111479,4055688,024044f9d5c5fd67e9a4b874b2c764a92e107415
de_lineagesource_final,3333964,895199,3b7d8e3b55236255beca2587913c8d5f1a357a82
de_losttemple,26359884,14206311,d3eb7045edeba4a03b03b4ece3272654a5d68c91
de_nightmare,21744952,9318817,5ca908f71455afde675c516841014135481505e3
de_nuke,14607228,7489114,0d440898066e4300c8bfd6a5910e66ea3caee283
de_pacman,1042124,228802,e0809c41f187a436d47adf2d9efa87c70e8335a8
de_pira_legos,20152943,7139987,abdec67d6c91678a35a5e3c12957f2e8c80e890d
de_piranesi,12369628,5146426,7a2882377c25f12aa0ef3d0cb40da255545c7687
de_port,7748400,2819784,c1441d4b0a2b735fa2129a5bf4b310ca58d2d607
de_port_awp_hzd,7748378,2820606,49ceb7b54c42d55f013ed795dab98178d2db5e9a
de_prodigy,8255112,3596670,f1b25890403fba0cf2df5d901a2cb151984d4136
de_pyramid_css,7794520,2969807,672a54a69bab23df732672f08e86996968778d98
de_quake_dm3,3721242,1596618,327a1a9101a9e0815b2663a68dacf4c295bfc0f9
de_rats,9150100,3525751,36babf11a35e58f6a6dafe501dbf3fc1f21f9198
de_rats33,8964144,2998254,df789e1d8ffd100f146552f8dc1d4b1df1187d0b
de_rats_2004_crzy,6879676,1972988,02957c5d731dc9fccc5d23f5d789a69618a99da8
de_rats_poporoom_b3,26359352,12429114,265fe28bc3c67cd331566902fd74cc954679ed45
de_rats_rc_1337v5,3401230,1337297,d9ebe8ad7c7969a8e1791fdb696c1120125bf85d
de_rats_shower,5996048,706224,2ae7e192836674d107691cdf503d4e1948fac969
de_ratsrx_crzy,12401424,4664102,4c0a67af5f946ce5f075abb60c8285cf47ec2365
de_russia_v2,15707972,3926887,0def0487b2c7b38fce3ffe1a3f3e97d74f45ab1c
de_russka,29800500,14681092,906f7a832f8eb962382569547d93d7712a64a3f9
de_shevat,24123878,10816164,72fca2968c58aa2b74b1fa63b71422034ad9adb1
de_siena,14586607,6593886,605dd1205f7a20872bf179e773b25b4cc53398e1
de_simpsons_css_v2,20435120,7715428,2e889d9484c7f9b6b59dac88f74ab55d9ce34814
de_strike,6327508,2599303,356400168ddbdc60821228ae0dbcd7897f80ef47
de_strike_rc4,21966151,5515015,565de95aa516e77f5eb0d72aedf240abc0992967
de_tides,9779756,3925441,de38bc38b54c46aaf5f47626785021d00caac60d
de_train,11091880,6073767,151ddcd0e09e6c5172f1e1102329f4be38c615cc
de_vertigo_pro,11288964,4235944,85e38a440f6373dc7f7aa6c7792355bfaf21e669
de_vine2,17134300,8481466,745902a450aac26b5c73704689c1e7dfe67a7b8f
de_westwood,12030204,6281208,4289d89cadfb15aa314403179126beaae59fe923
de_westwood_s,3939816,1557852,65ebd9b15dc54a8895bea69acafa0434f1e8e235
decs_ruin_zm,3562760,1471926,856f474214ac5b3825f2200fea877f06a69e1e9b
dh_007_temple,1616056,253604,ed4205d026d4c5671a44f3b6462d246a96990e46
dm_hangumhigh,3624440,1548860,e8f908912c4812d623544555f68c1cc170bca49c
dm_hangumhigh_v3,3645020,1351990,55ea8ab3f326c38c1472d31aa74cabd22baa9ff3
dot_monktown,6018288,2958230,51a235ce3e61744beab3c07073d18293349d5f42
drive_arena,14710784,4622291,3dd0f641ea36272e0eab862f69d355b3af08d4d4
funny_scoutmap,742676,321106,5cd0fc4917a68231d57a2766403be9dcc54c55ff
fx_foxhunt_source,3169268,1328778,5289e7fd2500fafc4b8c805320da48452e7664e0
fy_2forts_remix,2864748,1175292,47b2528a93df489769dc3875f05c21be5f43bdf1
fy_3floors,2031966,770109,a778c23fb669f2f87dae35e30b49241873dd13ec
fy_backstein,1624460,771081,1f40a53d56a390a05e96daa235794033395bbdc5
fy_barn_,5398140,2211283,1e4b4b3f6260f4b00ad880999265b5436f09d1ab
fy_blazin,2766224,985139,ede82f998769fe0688a0e0809e9d2b4e2c2f9afa
fy_bloodarena,463956,171861,2c658e16911004a18a80de633ea59d8c3c112e48
fy_bloodarena_beta,462856,171747,0400417f1b1cd5c8d84e094af3a06a1192c00fad
fy_bridgewar,17693584,3194366,d9e034875817ed703a46eba3c6c98183746cc037
fy_buball,4270480,1564713,c80910d4f4b75ebfb59c4d2a388b3ea5fe002bd4
fy_buzzkill_b48,830128,189651,cf293e5a053d3566423fa1255fae9634c070aebb
fy_buzzkill_css,2378268,728902,598859b4c84c82f4360d325c7a3f6f0498c95e62
fy_buzzkill_ice_sc_b1,4440727,1791744,7e8d2d87485dc8e82606b2e6ac552357762e481e
fy_buzzkill_l_snow_tz,1228308,492388,7611b4bd590d2d93feed1a695bcfcdf8e70462be
fy_buzzkill_taliban,1490144,359901,aa43bcc886a95bbbc13b42dae22d614fe194138f
fy_deagle5_h,3261328,1113235,9ed6a5386bd65919ed0a2afeea3487151b7c1f6c
fy_deagle5out_b11,1273548,450285,deb883587f2172a5ccac2d4d066ca9c578e82da2
fy_december_v2,3428520,1175582,e24563021760dfe2137b4a1f61dd1d2592723ca7
fy_dustdm,3137576,1003478,394c3592d7544067fcba26f0a1bf1976532242a6
fy_dustworld,455936,155487,0e0eafad18cd9f786b926100287d8a8dcce8f1e8
fy_farm_awp_hzd,2316031,595150,1de034295662e7d8e0a0c67a36e24669bf603ca7
fy_fighter,1539816,528264,76e737732f093ce0c0f1e8ce023a0c149944b830
fy_fog,1959060,584605,99647e53b13eac6a2dfc44482006fdd7d9edcd7f
fy_football,4638766,1506814,736a4ceba5c8a1d25234b97af0fed0346bd0c433
fy_foxysmadness_final,4065704,568765,740dc82e02f52db4c848c7e700ebe75c03955697
fy_glassfloor1,2921168,787205,582e760b6afbd6d0571f5074c98fa4e0818f79cd
fy_highrise,7060264,2707796,ff2bef15ed71f397a6efb922856d5f917e2d8272
fy_iceworld,299520,108697,d5260cd237c75accf0de79a5f625eb0a156ee7d7
fy_iceworld4ever_v1,203188,81677,c6bdb09c08cea78b5c7f532567c41688113ea711
fy_iceworld_adv,5455960,2457699,b7ece2403a4ceca52eafc0a168a9d4baaefe641b
fy_iceworld_arena,1073288,405817,550fcc9aaa20ae27fffa5acbeadd291d57a427f2
fy_iceworld_css,496756,202760,17aca0f0fdf5c863f1f7c66a181b55583c81c321
fy_iceworld_cssource,299520,108697,d5260cd237c75accf0de79a5f625eb0a156ee7d7
fy_iceworld_l33t,755724,337416,b3c7c443317807f5ab648d73129a8db336ec93f9
fy_iceworld_mp,492216,187593,952dd4c9044e6a0e74a1dbfadacc2ee0814a22db
fy_iceworld_orig,180092,72874,e490f191dc573d7a3cafc0c512041b98db797070
fy_iceworld_real,3227076,872515,237c7793497ee01c1243797a594516d13747926a
fy_iceworld_reunion,248376,50369,3066e58813a05deae00b37c9b3f446f127ca781d
fy_jack2_rr,1773708,238104,13623ab4407e439fa59dc9c1e5305dcaa22ba442
fy_jack_rr,894656,184236,347a687e5f9e80bd0b4db9e716e920f9e06c7dad
fy_lego,2804348,968791,d016dc4316236aa9a1ddfcbbd32586a9c86025e2
fy_longruna,531976,170882,dd872d7883c50dde3b29525ce7499e4d12b3cac0
fy_multidoor,1293780,358918,72ca5b1a1affd2018bfdec26745d707eff7f4da2
fy_oasis_css,2839600,382209,e02eb59d6bc632c38d95de178d6df1394dbb102f
fy_officeworld2,2145350,906501,52407944da3589cd96a441e200e630ecd84b9417
fy_paintball,2109768,714381,f6b59e626093f8115d9fefa9800fe775ea152a24
fy_pool_day,865556,340650,708bd113b73363c3b25f371dcdecf48d4c395299
fy_pool_day_reloaded,9274862,2396822,31e21d36a50a17959de7b08b410c996bba6933c8
fy_poolparty_space_ext,1162764,362833,c476eb7888a73951c87b0c6e5e47a3d1883316ca
fy_poolparty_sst,1108708,443438,910d901c3b29ae997146e0f9c1d95e1b425d3c10
fy_poolparty_v2,1052856,369398,53f4ef23b9447e481a2a5c7ba3a96c4e2707d631
fy_poolparty_v2se_b8,919884,316859,caf173607a48cb4d02b9ff0557b3bb9c0197c671
fy_poolparty_v3,986636,425531,ce0d6ea63a063175bcc96ccaf531f42abef40fd1
fy_poolparty_v3_gold_hdr,4402548,1890086,ce06f3ddd2185832f9e131203638c4d21d3f124d
fy_poolparty_v4_hdr,2636508,854128,f058fec40acb7313dce2a1ab7660307d8b9676c0
fy_poolparty_v6,1279576,489470,9c664d610b59519f3836c2b99aaaa0569e59775c
fy_porn,2404556,1312228,f880dea1fd8659d730e4e5655cede5e5d191d1b1
fy_re_speederbase,7320832,1507185,6f666db86ff9eb81fadf0830d47eb902e54bf783
fy_sandworld_x,396424,120964,fa0fcb17726d914725cd367f83e72a1f1ed40224
fy_shotgun,169512,45584,6046e508f3df8e982e3af3056851c503493f5885
fy_shotgunassault,667844,284054,64909e83c427e3050a9a87be39b203574d33f107
fy_shotgunassault2_beta4,899588,392805,192cea4cd228d9b6e92510d05152d4175445fd51
fy_simpsons,845740,369387,ea3a683a3c886afcddb22549f2a5bb83e54e0500
fy_simpsons_h,2390596,428519,87c61e3f1182608bb626dbf5d7f97317d97361c7
fy_simpsons_h_32,3833638,902453,7ba29957c0da358280c738e064b38362b7c41d29
fy_snow,496332,146547,ee3677c6f68fe867db424b5ac3f1a59f1f48d125
fy_snowball_fight,969576,448487,99a7d29d11b828877f46a5bbc1dda8c29e7433db
fy_snowworld_b2,1445536,534465,79fa9856e7aea81645bd36c4feb3777df5382ff3
fy_southpark2,15212388,2613141,e92b6f151e7ea48e6d040e388dab864465276c76
fy_super_mario,3452244,837364,e989fb24f0e57383de5b9fcf95a84f0a3745c19b
fy_twotowers,1499020,562063,fe8bbac08cd24e6e9b485f37ae3a1c12b7fc9f31
fy_twotowers_awp_hzd,1498993,561752,103cf67d64a09e15555c076a6f6c83f98ccd0bf0
fy_walls,2275668,673727,43f8a5c342454ca310cc1d2cce9db7c2fc95718e
fy_weapon_battle,319176,85527,403af52895036f75b009b8153f8b7d8bd3c900bc
fy_wetland,853112,187515,a664cb0bb464a00a2440d9218d915b4a816a479c
fy_xbox,537484,194210,1d20e716bf3ae2b37fbe954164fe1f88e7feee4b
gg_Lego_MAFIA_arena,1226388,256685,4c166b9b26385aedc4e7deb4f0303a0ffa488a73
gg_aim_ag_texture_jungle-l,4441940,1541139,b3944aae05c0aa3158eecb7bffa6f984b3583a2e
gg_aim_dust2003_v2,852432,306899,97656fe069b1368d312a6769eee5eac9cfa6a490
gg_aim_furious,1100896,376680,f697c9af1ed140107614e76e6168c7fe0a612e14
gg_aim_pistol_3floor_v3,1690388,753439,b5ddb2d102b08dde54feb61b2a88d44aaa74e5f4
gg_aim_shotty,1962628,601033,31739764d6edbe3da115888a3d6076cf6f21c6e0
gg_aquatica,10835138,2558388,2b745a70286afb4389ed53384d69888bba01a47a
gg_ar_glass_fortress2a,2190988,394187,a6b605ccd83c96a8adb9183f3b97c79427d39f97
gg_aztec_mini_beta,2322996,814090,4ad88a13913e9f439ce5aa1142fc94839cde19d9
gg_ba_stadium,1257128,469586,f79fb329008be832b68a04f44ba9373cc83bdd23
gg_cfh_3,2308960,946274,e11357fcb075622e3dfec58f05b9b04113efc9de
gg_css_deagle5,1112272,293696,fc1a80dda98fa9f41b18abf2dc12949060c32237
gg_cubes_towers,1531900,395901,c5a7691910ecdac6944d28a26f9c2916676b124b
gg_deagle5,1390056,414292,23d090aa3b3e966d2e6698eaddafea1ee5a74419
gg_deagle5_4hm,1390056,414292,23d090aa3b3e966d2e6698eaddafea1ee5a74419
gg_defenestrate,672036,269764,1a13e2c0c7969aa844d6eb587743d0b7665c654d
gg_dm_bloodarena3,972044,405592,13187f64b93a5e737ca73227141213c8201bc161
gg_dust,1354664,567589,df3af154a8ab9e9678e66e8d0369020f50910126
gg_finalarena_cq-l,6159184,1761242,c4d67e886cf0fa146829fd5741b024f2d32bf464
gg_fortrush_bm,838316,373606,85d38e8b70da2288be1da03a92092baea417563a
gg_fy_area_762a,1211484,481925,d5b4fa7b047a861e99d4d582b31c3074d8cf70b9
gg_fy_battlefield,5932320,2191256,c34ea7ef75d7f7eed1834465452ad30b99ce7016
gg_fy_stoneworld_obe,4234636,1649036,e47ca5f46201e1f820d9131a22625472985f8de2
gg_glass_world,2478580,340220,c6696549ce832476aa58a38a46bdb4af15cc1565
gg_hangumhigh,3624440,1548465,e1c78ad90304f44658a51e2865bb0e32850f5258
gg_knas_speedcastle_css_64-m,4105920,1568392,b8f99ea86651c4353b64c8bf66e2fc4b1a16cd9d
gg_mario_vs_wario,2841189,636713,5248db7c56d62320f54b0fb348e385345c7976ed
gg_redglock_s,2081496,643658,d56f52a9cf7939ccc3cad7f09c01ee84fc8ec61f
gg_schranz,11831187,5304993,b6cbff0797ada6e2415366fbff9127570aad72e6
gg_shotty_snow,335488,118045,f60e5a7efb29c93d1c792a018f9138ae56f5e311
gg_the_trap_beta2,1211288,486273,65db5791631779890f191ee0763533bbaabc21e9
gg_trs_aim_churches,991688,424887,0805d75c507e293b96e08482be7edbeb437f2d7d
gg_wmd_missile,5168458,1154744,f2a3520730351e3fab92681dd894ef4c90e53746
gie_labyglass_lab_final,1342176,247781,4d7066ed95127cc5c33716c91362d82e0b58627a
glass,2476712,170249,e34ff13a0980de04b23616e2bb56d1681d87912c
glass_box,1454588,167639,5395823de029028bdbac25443d3028c1694f33e2
glass_building,7362480,276436,2f262083f0ec0fe805b22760b2e7bb8669ecd8a9
glass_by_hash,2200160,237244,1c8e80911aabe78d916f465536c46e65026aaa11
glass_chaos,1174120,236917,01276999531df8dadab5bf62f3089318d1c6548f
glass_crusher,2792640,594962,d4053fb5255473bd1d3a92dcb342acef401057f8
glass_dropwar_fp,2155808,504929,e75c8c972ddeb9e3337a2a0b4d951b2a5ae42e02
glass_fiz-dust,6695772,1444679,cc16e5c88d4a72a87e84816f1b68a9335737964f
glass_flammable,2051864,649676,ef1b57c86e79324ace7397978d247008417039d4
glass_hd_nudg3,597620,57564,5efd95cdee31f9a8d57e6be283f057245636f55c
glass_house_v1,3664712,967246,0243664e5e681aa3319943f69f9fa46cbb1286df
glass_ninja,3702396,939779,7a33846ee9be2b49207d6c577e786f1c87b55d53
glass_pain_b4,3446268,1400595,6761c8d790322d73c9ae7a8bbb3ee159a8d2bd8d
glass_temple_v3,3341209,792772,0daab66e902e39f132a09873f76055030913ede8
glass_war-exotic_v2,4744576,1689008,f9e25886f122fcd68c6a91112224972ac0dbfbd5
glass_war,2755372,456851,3ed6db86500bf5d62b6fb163bb8bbd9677cc904e
glass_war05,2785804,465334,84490440deefa71f8baec5a6878e70c197c0165f
glass_war_v2,2294160,586353,0d8e5b9e2fece3196699e5edba5f8d869d3500cd
glassassault_big,9794848,1977727,8979d50e1122c5fd1adc7cb5a99e2cc0968d73c7
glassassaultii_v2_big,3401800,1067960,49c555970db0ae766645ca47d3d5edd509a41f8b
glassbreakaway2_big,4198808,468178,b61d338db6e0c2d703e69e9d019b1112c08c06cd
glassbridge---[=lf=],2460328,131075,dc399549a3bead109feb6745360e4f75db6d18a4
glassbridges3_big,2905944,796335,7962049de2fc202ee78ba884ee6d4b1f1846aa6f
glassbuildings_big,1701856,325596,cd21eef300befed1830d6dec017c57c626969c01
glassdrop_beta2,7378008,251426,36b6775ea9aaf727f1397a984a4bd30d48bc2a6a
glassfloor_kdr,1685036,436663,bf7a4ed72707266129838d6161bbcf6cdca7a049
glassfloor_reloaded,5958188,1514724,463374b4a80c6a49c46a2d9838735c35f7b832b5
glassfun,6737656,2014669,92ebcce33bb320f5e07fb53a2b6b23c37796cc33
glassfun_csp,6737656,2014889,b8169fc607afa01f4e17c69eea76a6781eaf0da9
glasshouses_v4,2079916,486933,194de32bcca550d3ecd70ce77b3688804bd63d47
glassquadtowers_big,3020896,1020105,acb21a49ea61d94ecf6eab23d172131ebfc25fe6
glassrox,1817464,591172,4a86688cf616c894a6b51b865d1dcdbbfd03669d
glassrox_v2,2466388,747080,2f861360e476939ac1114c4758933bbadb542b4b
glassskyrise2_big,8931552,1550816,9018cfb4a1e5318b91a833bbb68984110752ad04
glasstower,1892312,700683,d63cb8b5dc87f54c00228056ea2974cc2c1a63c3
glasstrap,4443100,792289,ea1b2e7fec18939f90ffcc79bd4b416e45344618
glasswall,765148,197610,7816d6d3ca1d7b6ce8e701bc38da57c45b9b8664
he_glasshall,2706244,983045,ee23489042a2d75a84fc4d087b112c5551e7ea02
he_tennis,67564,11746,35ba1c2419aaa86a4acad83d807627b91c090d20
he_tennis_2005,1977032,542227,93d5e56f8301b860741ed63e2ad1ac274474906f
jump_planks,2857424,776356,d35382b7c32d4c5f27045eac6e5e28e793320e85
jump_woody_wazz,791244,145401,8aeded3526be1cbf9635fff4d65652cdc3553169
jvc_labyglass,572808,154733,73368c5d1da0fe117d516e6959ae9543a25b1168
ka_airdrop2,2629884,407609,cc6e2ecab166e5a3e0824adc890ffa1e069b8345
ka_cssmc_zombie_beta6,2217948,888440,10b136b63489090d61db37816c043f896bf01861
ka_fotball,4722292,1301473,4372a293aab840985972b160996d9bbec27eaf06
ka_futurball_v2,1521412,502767,3ccdaa70b2081c533e8d74b38efa89e043683b2b
ka_kn_fightclub,9596758,806183,f57031de7e99f815cea2737da044f94eec082afe
ka_knifebeach_css,1195952,411751,468dada803720fccb49e0215b4e30d572471c6ea
ka_mortalkombat,1415149,499735,e3c9479b2744a2831844e5472e67b01174078fca
ka_soccer_2006_v2,4072592,1672517,c62b005c94182630b6bdefb30e778f1079a36cd5
ka_soccer_2006_v3,3912464,1670515,d7e03fa500c15d2250769ed5a4a7ffa85f02a2dd
ka_soccer_international,14483505,4148619,a6ed29f49a1e1655484ebfe9e2bc2f953cc35c13
ka_soccer_nationale,7065215,1876357,7aa6d1ade6cc1ccb78614e671833865fe4aadbc2
ka_trains,1586860,707645,4cf79ae435c17ea46073266e2124f18e2d5a5930
ka_volleyball_v5,1629980,620202,c23fca98c345ead74caa8024544404b8b1266e15
ka_waterpolo_2007_v2,4517036,1684575,76ce3abc20b4eba6b5f74deb7d1a52ff7631cab8
kingofthehill_vengeance,2420288,437834,065a43796e1747b61e575200727531392d28763f
knas_speedcastle_css,4065456,1634693,6ffe9b71f9234c543e2a3dfebc7346494a6fc536
knivez,743108,320636,56388d6467357fb73b2e88569948f07a0ced90a2
mcdonalds-mds,4667492,1438574,d456d894c16d6c6a9e8bbe677868f7e6cb8e30b3
no_escape,385208,177825,f48eb277bb4d346a6b5e7ec477edbe1e1f6ecfde
obe_jungle,1203048,419337,60f107f484f8b99000c048828f118910d6cb83e8
playground_atomic,2477084,840811,ac959f207a0d1bf97a241f988153c42e56749379
playground_x_s,2287804,826747,ca819865ed2ca69d94e87f5134a18ff207ee6588
ras_aim_rampwar_dx,4488052,1088079,05564c2f89067d93a29496f004f505f0a2dbd2e7
rats_scoutzknivez,4243084,1644037,68f6eb5f6ad065c5bd0b54fe87435ea635f888f7
rebell_dust_mini,7220044,2689116,75a5d3bf58d71a83b7ad675e72315b24bde90e32
sc_ravenholm,9537960,2663526,540db9a4a8f01ab9def41b3036b9e8c71bcd1336
scout_map,1462196,115010,eb82aa57a5b19406d09bfde18a729c3d1f9d921f
scout_stoner_style,230440,52831,4ba74e9cd83d24b019aec280f4237696ac09bea0
scoutz_rooftops,2615908,111577,c7c11988a61933ac6065aafe357beec6b00055a6
scoutzknivez,742676,321106,5cd0fc4917a68231d57a2766403be9dcc54c55ff
scoutzknivez2,1871768,750124,73b52401339ee8c1472472216ca09476c3981b76
scoutzknivez3,1404396,462755,48629c81264717da5b52c7625721a3c364bd7948
scoutzknivez_cssource,438956,171553,57a76a108971e12c19d332570e930af863f5aea3
scoutzknivez_hc,3807860,1511696,d07eee72a55ad9f44de8106a6c1164e1cc1f970b
scoutzknivez_source,7859764,2294345,18e5ef8abced0fd3fe890cc4ee0de42b88a11eee
se1_highrise03,28671848,8492366,281557437d376a96b339aa031414ab852660fb1f
sliderace_city_b8,6467452,1839745,75a325b3837c8650642a3da96d1050aa36b03991
sliding,5153348,459769,21765db1fe4f551cf107607cb7c9827368e5bc88
submarine_source_beta,3204180,1346273,8e54ee7eeab23aefe61c1fcd905774c22b075b7f
surf_10x_final,15962572,1344941,05db779a1fb27fc43c15c2fb13beac61b875cb70
surf_10x_if2,16181784,1362816,1b58f1588b19f21534680d6baa2ffecfb897f236
surf_10x_reloaded,2946499,956644,8fc36c2ace5e84fe8fdecde6ebf64c43aa50e9e3
surf_aircontrol_v3,6699440,2110875,0497c63d4e736f9928fc5d0fca927ea144a9b30b
surf_akron_noobs,10082112,2204774,db1959b54b892964659b0c7fd78e8b904977851e
surf_bbbb_v1,6579664,1404792,15f67bbb077eacc584b67a2f51f2771c97d7bdbc
surf_bigramp_v2b,8783228,1408810,9fd507ffa4affa93d6580a2b58ec2f9e918ec34d
surf_egypt,14079708,309610,0f489daaff2d9c8cc4e8c8aabd022b112749a64c
surf_egypt_fixed,14147468,318931,baaca642f38460866b38f335ea88e8047de3dabb
surf_elk_highway_b2,28902916,864259,a23b7b0ae3744d1be0c2d57b9c26701c7dd47c3a
surf_frosty_v3,2873656,1022002,7f9124843ee40f2c4f643a6fd619d41d7b477263
surf_gamez,5837492,237582,51d6ab8c18e7e659051e8fbfdf2a7b66de33fab1
surf_greatest_river,1438500,391559,1a2d182581c2aba0aeb8d541df5b7af542f62652
surf_green_impact,4304428,628302,1b50b52ca094dd015fb63ae9016329576ee5229b
surf_i_hate_campers,6426396,1445448,a8dd9817e4aef26034e5c7ceb805f3aae8ed6bd2
surf_insanity_light,11995040,2490920,c4d8e685d3f7e7c2a08b3ce4c173edb54aead3c9
surf_japan_v6,10016184,981731,dd8027aa54a99b156ed17053f15e55352dd6a6c4
surf_machine2,13903164,1035855,3c59384524e75884664204dae707ad1deb8feb27
surf_matrix_v8,4579319,1327061,aa072bb11b2c9d34182ac09a857a71678ab6942f
surf_ocean,12862636,1411024,8ae9794e791492f4b59462f0c9640c737246f426
surf_poolday,10738560,2191994,0ac31b50f83bae131bf6528efabcac1a1a73cee9
surf_pyramidduel2,12134916,547697,122b1e59fba658b973ed380aed4752d08bd4f8e3
surf_rebel_resistance_final11,4670500,1289673,ce41df9a64c408ce4bb0e583a440a02aaba34101
surf_rebel_resistance_final2,4892336,1286793,0fa4124863f6192cd2d35f89cea5eedd9cb353c8
surf_rebel_resistance_final3,4900452,1295453,9f2415dccd200f2faebddf301231baf73510e490
surf_rebel_resistance_final4,4796888,1311241,6593745905e9369a004bf96265f0f35597748e3b
surf_rebel_resistance_final5x,4300952,1255486,2c627cceb33b1b694bfdc047938639869277e621
surf_skyscraper,13360016,524159,93168e36aa2c0f499ffe2439d8ee9b909c16f5bc
surf_skyscraper_2005_prisonv4,4281132,1034670,9de3cbc490cfbff8e7cd7a883d80101a3a10aee2
surf_superk,5202932,1644610,ddf8e717f943a5337712b00df0a637f74262cd1d
temple_of_the_scout_fun,18256887,6171679,947acff5a705e15e91661d1af3c3a78db518fff6
test_hardware,10698944,5500471,42b5b03fb1982756f47b29caac42b324cc197544
test_speakers,287772,111033,66f344061108c9ca59b6180f492e3a578748182f
tmpknives,1308940,541710,f71c491e3927a0b898862b8393bdd64ca43f75db
trikz_cooperation,4174792,1319986,2b699245c1ddf1915a83cf648fffcc5efcdc9dc7
warehouse_source_final2,2156044,828112,197dc43d482e7d2d56d5034b3d08a273bae40a28
water-arena,3033172,1076900,5ad69c54b85d90eeb96755911817dbdc8e082682
xc_atecclimb,3118508,242002,60934de12d9983d3bff850eaa12fd237f38a7d73
xc_cliffez,12109820,2850967,1053d87f3283a516f3e91eeb8b50ced1ca48c7a5
xc_overclimb,5899708,1539850,f5b7b6adf38a40bdfaba2f7891d1e4fbef252d46
xc_pyramid,9035977,3291003,c9f27c772abb1b80dd4ad6b23d7698d7f62289b4
xc_rockclimberz,5616688,2160037,08250cdf35d99807f482ac32071ba935013c3a66
xc_toonrun3,11131769,3346946,911a8e7495316979bccf45c4748dba918ac748bd
xc_wallclimb_fix,2690504,796076,761ab62871ebd71a8e3a05abaeda737f749dd6f8
xc_waterworks2,17014413,5866355,003f4a8476f8f831d5c8f2490938a68302491428
ze_echo_snowescape_v3a,6395128,2633353,3d588ce6bece138afc2f680be2f8dc36f3591a8f
ze_jurassicpark_b3,23002836,5755852,c9b7325a9563bb9e4178d44b46a173e3c6be78ec
zh_death_pool_sb_beta,4686736,1144719,996087e8941ffd0685cbd7bc167b53f0af88eb6e
zh_dust2_final,4150759,1489313,8a98dc7e236f23003ea3fe4f3d42c8df9acd74a7
zh_fight_or_die_v2,1491508,424097,1381182401aaaf30f01d511cf1bd4202416fdc4c
zh_hangemhigh,3201960,1322586,101ec6d3452302cb3e89903f9584519ed71c2d6d
zh_laststand_48,4985848,2420982,4a1ec228480a171364a99505d4ba54cf385ac81d
zh_residentevil2_b3,11864824,3416381,8b565e708d00415647299dbfda2352764c888423
zh_secret_base_final,7966168,2274641,84b127a09e1ba136dd79237d4c8417a19593c96a
zh_slant_beta13,16502716,2998307,71fac69eaacc8f8b0d77d6d501b0426e4d4c5805
zh_urbanlabrynth,3033596,1531605,5c4db19f6eafa9531e0df97e95e2d9d111051b78
zm_420_breeze,602816,162022,3abd6fe8bfc48058b2e2a89eff15ec21533d231e
zm_420_fort,2636252,1034600,81b24c8816cc0c97f3b2db0a8c4a16ef32f7fd7c
zm_420_stronghold_v4,4011588,1599899,b59b487c6b2820826ae2b90b709173095ffab818
zm_4way_tunnel_v2,9716528,4232769,b0ce497547e496290954142dd695cbe6168fb557
zm_App7e_BworldFinal,3747072,1502387,d3ca526ff1aa895929a8475be5fc44a462e6ac6f
zm_Fidlers-Green_b2,5972480,3010256,adbd4b229c7f7c9afb385068a60426e7e3bcd424
zm_aarrgghh_v1,1306752,124909,473f113ade7fd7e7011fd5c9b7ed7fdf3fa0b362
zm_aftermatch,7503608,3475117,6ed3be03e2c25ac0b9c9810f77f18356643a24fb
zm_ancientb1_1,5290416,2423910,39d1eae68dfeab8beb66c1a887a62501b6c22749
zm_ancientb2,7977036,4046250,e87962145af35c5963ffa51b0b824e121e5c37fd
zm_app7e_betterbworld,3057276,1236388,e8412a89cbe4cb9d7dfa20848444f020538dbaf1
zm_arctic_escape_v1,12538180,5458958,63dd62042c5321376840b6fd49edf57ab73998da
zm_area13_03,9388948,2924819,ea6ad4318da5e88811c00d99ee91a8e10e48a533
zm_arena_v2,3228716,1110906,e3c7c7b973cacd38efff8dfba44508f228d03737
zm_arena_v3_spike,2155628,855325,2806ca98b1fa424bedf6e3b5a401e0a908176836
zm_assault_b4,10716224,3412219,17207d36deca0bc38ac5f3d08eada59704ddcd71
zm_athletic_factory,2626520,1160265,240e969dcc61b571a5bc034cd86fccdb596001e3
zm_atix_day,1794441,621959,2fca1fabefea43a4001780d8bc392c74edc5b819
zm_atix_extinction_b5,5462237,1768671,0e2bc55d1872ea978470bde4de3398465b861f00
zm_atix_helicopter,15535928,7747057,e86a55dde1d928a292a240d228c03a697afb9be1
zm_atix_helicopter_beta3,12969321,5590204,a1d6c170aec9fad340953d8acb7b92aade995dab
zm_atix_night,6642654,1412180,3bbcf2833d2329e0b7f28e66e7f7b8851b9611c7
zm_atix_panic_b2,5397384,1260639,5b456202cf8cf622ec8520a6b153099a00886bb9
zm_aztec,1530308,663326,7293d1cb5ebbd98fbda7a513d6505336b50368e2
zm_base_b3,2872536,776643,6fbed23e8d45892176ecc99948bee467f24cac45
zm_besieging_fix,4651592,2058941,809815c681e224d3659f973cb1fd01a110ddc05d
zm_bio_frostbite,3190204,1114749,30f46bba5572eb96c6bffb94e1d717a2a79f1ae6
zm_bio_nightfall_b2,2611588,889904,bb1df39cae966f606af7eef1838439e56b244d27
zm_bio_strandead,2586420,1041008,bc480fcacaaa4451d6aac010f9a15252d044ce50
zm_biohazard,843792,278515,0db789f0e2047a863cd440590016947fe6e96b74
zm_blockade,11139264,2536711,126d6a7109b1ef683097a6ad745bac0fb5957b89
zm_blue_town,2955608,1152593,6c0db6ae55b2c2c7623e8482450cbfb9de4eb82b
zm_boatescape2_redux_final,3450484,1123910,2b34d2d4ea9b077c9466d28d621baf0c25c00118
zm_boatescape5_remix,11469339,2837315,93c954920f671041dab06cdb500db7f7ca225a75
zm_boatescape_mine_b3,20905097,5916037,fcd5f11f3519e83633b2a25d483b43ea8f42445f
zm_bridge_run_v1,12549452,5181361,b1acd420f360f8855d0741490a536a0291b0d42c
zm_bumfight_v2,3409944,1427791,9914f6d0fb57e86e3c850b283890b983c6445d9e
zm_christmas_city,3605936,1236852,d149030ffaefc2419ba7b971dedfd2c4a4bb00ae
zm_christmascity_fixed,3602376,1238640,9f896460e369ac8753f53e5b15b6a60d3b6f3df3
zm_city17,3741140,1044468,48adde7120d75ca017f3e59013d7a90e964aea6a
zm_city_graveyard,10121093,5806503,257bcde8e10a87cf23b58a13752c1071cf96cb85
zm_city_strike_b2,3729776,1700158,084b8411544e2557c5664055975a566a7f7f1d03
zm_citydefence,8652132,2502340,1591803a7217e47f00282b81b87d166b80787b69
zm_citydefence_2,3785759,1078790,fcf57723fb69bb662d062d67fe6abb44ec52b755
zm_citywaste_escape_fixed,5065276,1113112,8af9975e89dc33a25aeacb4dabde5d06e5efe1ce
zm_crap_b1,3661340,1295623,e7ac94bd8d493d37c16eb898f3c6e3488b315865
zm_cratesfinal,1054928,459959,7c18380873a1700ff80db77605c88923acb9403c
zm_cratesfinal_big,1142636,471962,2ed2daa2e5df3676034d98ac20b70743f8f656ae
zm_crazycity_b2,4963320,1935263,1f7ff5c5327b2d677ac09e4912b9da556a7338a6
zm_csk_phantom_town,2578876,1034647,9d5ecf7324657a7d2f95d6c55eaacc13256a5d90
zm_dark_city_b3,6105296,1677860,0635b9b12914c00375f51e438b293610225fb799
zm_docks_beta,4909048,855965,7e2d63caa220405439d941f418c7ec371087f522
zm_droptop_final,1689456,804293,d03192d4c67e06fa12e51c2c3cb0b1583fdc8fd7
zm_dust2_papys_aperos3,8141042,3175852,b920e78f2e9942eac0dfb07743d77536684e4279
zm_escape_bridge_v1c_zmedit,2612832,1221938,5925e5a9717e34ec019fc642327c71f5026c7e35
zm_escape_bridge_v1d,2421080,1146100,bdebe529454d31c3c06c90ce4508d0ed5af9c4a2
zm_fortress_b4,6849228,2515563,fa7f37e043d82b5085379e12099bd4fe3460f1e7
zm_fubar_towers_v2,5669696,1803201,a7b1000daa13f4f9c90e5a95fc561ab18ac0a145
zm_futurecomplex_b1,1605720,182712,3a067fccca27ff474e6ed3b362add4d858e8adee
zm_ggodds_graves_v2,4409516,1403040,e6e1da9dfdf9e88ce64f92d273126fe2d6f37926
zm_ghs_cartoon,6391599,2340289,dde75c5a77ed00b3161256936557ff3d4223f759
zm_ghs_night_club,4333959,1718688,5ac433930cebc2d9692ea5956d4fe0a2dd5346ca
zm_ghs_wild_cbble_b1,4970796,1219664,94ad1cee111cae137c4b0b5ca278f87e4a59c6e6
zm_hellarch,4400936,1935026,e5ecaf38adbd94fb9cc7e9465ad975e1b3cb62b3
zm_hiddenspace_b4,4102736,1010523,b2ecd72ab2efa63d479f11524bb7c06a264773b7
zm_holdout_b5f,7722824,2921975,58414464d113988a922389b2505098820f836541
zm_hospital_remix,1286040,584433,8128ad5698c2211cc49e35e54b35954c50e3ae03
zm_hospitalv4,993956,389529,3cbf7d4332cb3c8789402657e3d6015365d9220a
zm_illmination_b2,5704070,2023297,7441001071d7da6280041e0ccf2cd54422618fb0
zm_island_escape_beta_5,8555037,2573634,0ec47e69dc2faafb80031cce0315c3765cf43250
zm_island_escape_beta_6,8397772,2570365,8728415768765a967c8101bcf24cb4473a2b4ff9
zm_island_escape_beta_9,19846848,7439335,a513a3fe9e8aad2c32a606bda317c65ab9f592de
zm_island_escape_fix1,8591604,2628727,0a5f84288b4da495ec41f5f25ac534ebac38c052
zm_killbox_v2,2530992,934345,f557df9a3efd305b52709c45994a8e70f7e4328f
zm_labor_gigantic,2463800,1011543,e27ff9b8981ba7c487bbf7c8507509b1840e40bc
zm_laboratory_b1,8517656,1796064,f1af977f3cfe0647ea9927939dff30f2bef5fde3
zm_lila_bad_neighbors,1568280,671639,a7f2f88aa294b302521fecbc9c9ab06b6a5edc2e
zm_lila_bad_neighbors_b2,3576596,890639,ffd9382034aca9f0886141abc8f6a76135203568
zm_lila_blue_town,2955608,1152593,6c0db6ae55b2c2c7623e8482450cbfb9de4eb82b
zm_lila_off!ce,2025164,156619,dc71e8a335cad4422b7edc95c80af86466297347
zm_lila_p4n!c_def,2790424,724723,ac1f127c54fdd9bc7c2e1f8e5da1e9f443614fd5
zm_lila_panic,1032420,218829,f7b29dbbb2d764f0b4393ee7d719e9385cbef47f
zm_lila_panic_com^^_v1,8629516,3697233,d74d2ad4c3857f90df4a009dac1eff2c8a5b1ed8
zm_lila_panic_d,826128,245164,a192613f6d180e30af00e41e6f88d40ed04685af
zm_lila_panic_l_v3,2944488,1855651,f3ed2fd988a3e0478f4969f12778b6315a14e6af
zm_lila_panic_redemption_b2,3219828,1108871,07d3c8cda13fde7e6814ce77a6a276e355921a13
zm_lila_panic_revisited_b4,1740744,334502,8c2d7295136c41d21ff61230aa2b225c11496f89
zm_lila_panic_sethensv2,4444028,1095612,a85e4b235342dda91582450d3363954f1d9eca9c
zm_lila_panic_v2,1239828,227621,067e77c77716382437c16b9ef4783557cff497ce
zm_lila_panic_v3,2125924,458427,cf0844fd14332df01a1f27ef1029a8beed7b6f76
zm_lila_panicdark,1858972,759447,eede82b3c315452a48cfa9bb9c6f15cfa023ac02
zm_lila_town_fixed,3070894,1011119,3510bf091bdc94c15d338378e26a518b0b7e80aa
zm_lila_tsilo,2807112,511149,ccc4b21d508651820f38199276634d672035bf22
zm_lila_winter_b2,2836620,855877,082c104492c865f4a0dc203b5ebe0e711bdeb72d
zm_liltown_fixed,2873638,906438,57e586829d57680cc2f6497b5d3f9634596107cf
zm_little_city_v2,8691560,3636055,636b827aee2109a84654dc64a902721d84607ff0
zm_little_city_v3,11166100,4979952,900f5721459bfe416ec274fd81e2302d9ddf001f
zm_little_city_v5,10816248,4746944,98e3cf8188698244575482742f5c82d9b3106548
zm_lostfarm_b2,2509824,606504,92f108095afe963c26f04415fd9c03b6323dd523
zm_maxima_horror,1186052,365443,9ef65a60f63fc48e45db88a4c31571b5fbd97538
zm_melong__sky2,876544,396498,11c8d28a9a53bf3e06c2bb75feb5737c2a37b23c
zm_midwich_1f,4404589,2509136,6dbe6b4c6fff17b5c2b6f9799ba8b9bbc06ce6c2
zm_mothership_b2,14366013,3012606,e6b8d20f5e2d481f1e5071a6e2dfa0b13e4f9ffe
zm_neko_abura_v2,4040439,1732496,a111b763f071759899ae0c3f5c4379e719effaf0
zm_neko_athletic_park_v2,6356655,1827496,c43d7c9601f5e2d534ce35322765e81b06591d61
zm_nest,4900875,1965128,e3eff8a555257582a5303c1f5fdaf2adc2ce3e8d
zm_nostromo_escape_beta_9,13805368,5496058,10ff7b4448587699a04b5c8090c76f9e9d40ec30
zm_novum_v2,3739612,1480988,1ecd078ce0d6fc5c6f6d88e3708f90bcf21e8dea
zm_npw_panic_final,1915572,500744,53e68784deb13ed92ebcf29a728889a5277f7673
zm_nzapolice_remix,2809468,1005492,b52cfb335b35f3636c1ac6fcbd2c07a5993ec41f
zm_ocx_orly_b3,9020974,6750285,c73aaef54d720ce937ad725620d859dcfa33d2ce
zm_office_zombynas_v2,2410964,195226,5f5c4c7592243bb2377147db30487d149371700e
zm_old-abandoned,2577700,1115251,5ef785fed2e31f8618bcd94b66b18702c8dc6932
zm_open_b5,2713072,766317,2453b9ef047f004943344068f93e9ea8c0a4f1cd
zm_policeprison_fix,5283820,467303,533907768f7f3777c2eea93f3f60d002639cba24
zm_prc_deleris,3785608,1959248,618270745cfd729790a68cb9421754c1e2ffcaad
zm_pyramid_final,1827380,728524,f0fbd294a803d9f08af63b632f3095e6a9e27171
zm_q2k_spencer_mansion,12343348,3992159,a7ebcf9755280c6f04353256ccbe37441a9764d0
zm_ql_zombie_run_d1,2432764,1181004,d1e2918c389161c4e1d3e67a024f43e07b2536ee
zm_radikal_airport,3808612,1140082,2eeff6660d3de8caba6c0e39e1c42713d721c391
zm_roy_the_ship,3045552,1281359,14feb9414a8fdfe385f4633c71e5e89794f79df3
zm_ruined_town_v3,7812120,3304067,978f3d3d06f9780f23f998271e324d9b984aa764
zm_ryan_valley,8460884,4078664,2aaa1a41e1fce5e388318fd872db1d5539b6d8a3
zm_sac_town_v1,4927608,1104712,ed13e77183e5c5b50dbbde98979c5316e134e1f8
zm_scrapyard_b3,3612780,1283993,19abd224049fcad4b2607a08540de33451477c90
zm_snoopie_711_final_fixed1,3463004,1280690,b10cf8c564258b6591e8deb15f949e740c224635
zm_spacestationflee_v2,9752148,3687851,937ff155cf6ae1dc40478bea6c33ca62fc75f8a5
zm_spacestationflee_v2_fix,10828004,3911422,069680662e272c75ab019c28e82157be796ba50b
zm_storage_rentals_v1,1805276,579602,2a7a46e6e9a48dfc7bac9913e9071f02785504d7
zm_suburbs_b3,10877385,4007506,a962199bd4faa002964366d11ae5f0b688e83d0a
zm_survival_final,2075288,1028030,c931e36d722d03849671c4abf2a6a8ddc7a18a0c
zm_tanna,5730400,2252816,f1e30f1178e4a9b5b9fd21a59e24f3c569d0d0c9
zm_teamwork_fix,3541500,1196443,fcd546cb757f840eaa54d25e1952699cca65d06e
zm_tension_tf2_vx,1151520,514945,1521ef0e0770ec0de5b9b06f95d6b4651434bf31
zm_tomb_beta_r1,9660704,4604437,f3ac589edbb92188893686d732e862a3c0229163
zm_tower_of_resistance_beta8,3285852,1417118,b110e695b6e8112d368caa05f8382f5923f3c785
zm_towers,4627520,1213845,6bacfbbffee55f9d017a50d0e2f9771138657e53
zm_towers_hdr_beta_final,7972052,1825011,ddf4f9056a4bb81e782dd943ae2b3a4b85d976de
zm_towers_hdr_final,7422852,1738133,0f2e91b10ac36b37ece5d24fff085838f21e560e
zm_tx_highschoolbeta7,5359062,1844066,9364bfcb55cbd91c0e4178695eb92157b1ee10fc
zm_ubopanic,1290772,242605,06defed74fd991c42d3a0692a60654c4ba5aa606
zm_ufg_industrial_v5,6060598,2607135,f3e78f963a2edf227bd5243714d70532e9199730
zm_urbanhorror,5666524,2290118,258189125ce7fcc1d14e4ad06443d390497e5749
zm_valley,7390496,2737063,a143b5b72ddd99eb27991d9dc1eb00222e447040
zm_vc2_lila_off!ce,1484516,848740,5980da5ddd6e32d4e62050908df1b19accbf504c
zm_vc2_pitch_b1,11037141,5926452,f22c729b06154a520c7996231468691d89145808
zm_vehiclecenter_b2,5825488,2177634,cb1e9ba85f7996634b241f3876c026c6614480bb
zm_westside_cali_v1,2669276,505091,ef087f51812fd43346c1a07dca87dab7e6d1073c
zm_westside_cali_v2,3741012,751271,33b3f39ca891df1852b24a6bd8043d04657ecdba
zm_winter_forrest,3163456,1039566,bb65da5bf70bf320b70e4abad09e580fc6467357
zm_winter_forrest_v1,3168988,1042797,81a97c0a046264497ed08c1e2df3d686740852da
zm_winterfun_b4a,4613152,1136094,95d75e34e6e6704d1999ba1028058871ee2822ef
zm_wtfhax_v6,10565180,3851277,fae4e0ff0b6e04f9836b21676007de01f037c7ee
zmb_lila_panic_d3,1715140,741489,5c0769923ef8b55cced57276f31a57b39cd49c72
zombie_cruiseship_beta4,1944336,834419,ed8a7f0455bf8a7f4c8a49fbc3b29f925ba88f56
zombie_dust2_beta,5033216,2136915,8bd7d14c971138f3418a9f59c3721cb0c5d45811
zombie_starshiptroopers2_beta1,1085844,124986,51048d0181ec0241cf0960faf5864cf6cab4e2b9
zombie_trainescape_b2,7878348,2145773,74ee6134859b9c2a9c89185af97428cfa3fcc0e5
zombie_urbanlabalpha2,3496148,1733152,b55ee8a1a1c5def76e2fc236bb340e4f1a7ca8f4
zombies_sliding_doors,2629332,459769,95577b5b04ef1cbaa0f7578b800898c6a5083a34
mg_starwars_v1,4307652,1379343,17ce8338c8be16b9e42664748bdef8526e2d0001
surf_japan_2011,24223840,4968673,a5f565e6549343a31f0ffa45e4f6df843ff76bc4
zm_anime_crates,17775383,9650804,2deae0c4cdf72375a02f17fbcf5b7c9475b33476
zm_pripyat,38102721,18007721,a3dabf243248cb5ead60395c90865b0164b39665
