bhop_apocalypse,393521893,228870991,6804efaf5603e9b4499d0b5eb20b2e4ced8c548e
bhop_bihopfun,206399112,112872727,b54a82123ab165654f5a18ecb698940a95cad6ca
bhop_cetz,269818137,207665362,e620bbe4fe93b3c4867acb046795889f22dc228c
bhop_cetz_hard,276054984,205883755,6f71ece593aefe7a567531a418e48f9a738d8451
bhop_cg_shit,164887747,4633396,80c7c1097f3d9f4c6ecd0949cd8c3f40d95e4c1e
bhop_coast,169697835,98644175,4e57da706ffbc6b9eb236846fa2e2cfbcde5924d
bhop_communityjump,179587160,110630752,a8711cf4a7ca840e6fb7d2b774dd56c803714c9a
bhop_culture2,476190885,264114847,6b012a8b6b05a167c6e82c16d72e635c493b431c
bhop_darkage,227390716,91668371,55d84a6087962e23658487c1309625ddedb773ad
bhop_dungeon_css_fix,192857976,93556333,3c6d8577ee2dd66927a1a14e618446a9d850c656
bhop_epiphany2,247028819,173485137,30272187b8cc9af949a7279c666b7bde39009238
bhop_floccidrift,204512670,123879553,c874fcdbd6b9c9c7ee6129dae772bf72985bf7b7
bhop_fool_2_css,204263084,99575851,bfe9c3af04e7a97ce548fdd37ae0ac69198371bb
bhop_frotinity2,525629288,270535054,d8c0646ba76fa11fb26bfcbc0e310d5a8ed8a807
bhop_fruits2,216726365,100465434,097fb93bf1e7b45eab6eb98ffde7d26699afa554
bhop_hextra,164882821,61973994,2d89c121cc05eaae8b135e3e5539a1f7051ef579
bhop_inmomentum_gfl_final,194891221,73920176,c9e5bcc55e5f1e6c8a89fcf6990d55f9ccf17e4a
bhop_japan,158993239,67093812,aab3590198e35832aedfa1f946d16f33eb0fe1f5
bhop_jex,219263170,84262892,baab5c4b92bb98854090238fa05f4f57a643c375
bhop_magic_cave,188632342,70415337,d972c005d96f60bbbabc4a2cd12dd26dbb79f9b5
bhop_mall_css,166134015,166449837,3a206318d1ccb846759f84756355ff2615205c46
bhop_memory,242061525,133519854,7d07f6b7c3ae185a5406fb2ffd7d2c31371ac54c
bhop_nature,295222027,183533399,b8fd002cd261e2387ef2a9f0363407560befbbe6
bhop_oceanic,329678784,171523191,1387d1a6c1f16839918bffefd415182e043f67c3
bhop_opmorr,164439004,99183418,c650de60fed32eda3f2f60bab56733303b019f78
bhop_pharma,159535295,74106215,321a6e7ae255924a545f923d1a93191fb6b0a03d
bhop_prometheus,186593558,64995927,ef2aebbb47facd8b31d4a49c9c4d5c497ea5d9f1
bhop_shutdown2,288182274,122493743,591c7e15af473221123848a741c9caca052ba1f2
bhop_sina,187688039,109670130,e6b726613f8f12cf211e73ce81ae694edc9dfd96
bhop_sj,168685896,96435828,a8926f1d4d72f9d27d65ad64a0c1fcfcb6f0cc07
bhop_sonder,177697874,97120737,831e78f4a0aa508de45999f61d81fa1be8436c50
bhop_swag_final_v2,197613984,91860502,dc237941da1d04cf206f7ec860bf4b4d749f8ab0
bhop_symbiotic,232859316,81956875,788e1ac28029b41d683eed09d1202c678514e21d
bhop_synthetic_fix,368800235,240163251,9ad3b316be5c586e05c9476d4740a6ab18e8cd4f
bhop_the_journey_lyned5,211795907,68205604,7f06efa3e23fe1b0814f9491436f97c279473370
bhop_tron_evolution,169192537,59221169,822d84c2dc9d9e2f968f1335fb1efe53f9962b8b
bhop_umbra,251702480,144754903,5ceba8dc3b1205eca1515ec7e40db3fd5d921f48
bhop_unreal_space,257858069,91783879,fb36d45715d781379b92ab3e6d6eb18f8257eefd
bhop_verisimilitude,203400711,139696068,2aada85e153b5088044098e06807582e5169507f
bhop_wonderland,316268443,138547056,d49d395a89532ea9bcf6024bb1028dc903f7b7f3
bhop_zelda_final,267163735,169971160,a2cf3033a41fb49c6636e689745724aa60b5d7e7
bkzs_world,219338151,116054934,e68955f56cc6fbe03205d94d89f0c30dafa04cc9
kz_bhop_awake,221631740,121825136,04614b0dcfdb3614b0e4ae89443ade4b48cf5aee
kz_bhop_badg3s,518663142,288066901,9fc0b8cae5c83033bac0a22d0759dc5325bcb2a7
kz_bhop_communityjump3,233145999,134137503,7b519f53bbcf642ccb13bf853b2223ebfdc67887
kz_bhop_global,165103178,69042518,37324a62cfbdf9743b553acda337ad9327cbf4b5
kz_bhop_industrial,236041026,129402487,843ac491275d422f27da678157bb2d1d57c7d267
kz_bhop_nemesis,355462901,190472205,d7b2b04d3ef1f0affdefd3beed11d2e4dea67d23
kz_bhop_skyworld,159927177,121424955,1816667c71093d0fc25e329506769add157f0774
kz_bhop_strafe_comjump2_v2,289751600,143246584,e18b406857c1419fc5a082685777d2ddc37706b9
