Cs_StoneTower_v2,15007018,6487193,fa3fbec98782c629f6c70fb540fef44f15b29164
bhop_badges2,156609779,64701296,2f734be4595a0ed825938cdfaef06c85aaac29dc
bhop_kz_ninjablocks,19280571,7176471,f6ec6405ebcbb08f55d8dc7c3c7533773bf1c154
bhop_slate,48550088,15427053,93b5f9396d4207e7994b2d98a8b239c75466deea
climb_uber,2962040,828722,e1cf439138159d420195e1ca8ea952a99d009692
climbhigh3r,8578552,2842741,540cc61041b263fae02a44d483bbea22d5e24056
kz1,10989886,2998500,bff2149bf539495098af9166ada1c26a7f5a236f
kz_2seasons_spring,106525947,53081083,c4978789aa14d5abd10d818d3ce0fa582909807d
kz_abstrangel_css,27594673,4244615,b9e7f173456bd361a5612e57ae2529d25f84e17d
kz_adv_cursedjourney_v5,128184557,46971463,f7e1b9e6820cb69ce5272549adb080f4cabf61e2
kz_after_agitation_easy_v2,83165685,55344963,882a40da705ef0cf5b1d26e17a96596e9f4b2a34
kz_afterdark_fix,19024472,7346254,99e07fdacaa80ecbf766ddf23fe244e39aba3c9c
kz_asteroid_field,35835890,19701522,68454b54626ecfcc95600d388800222c89f4eeff
kz_av_degyptianez,35462291,13187407,9f07f01374182068a6b6aa9e6d5d357baf717e34
kz_bhop_2333_hard,5523997,1667409,964b4af15fa00227171121504e21d83dc36668b9
kz_bhop_2333_harder,5536605,1671519,d87eb3c9590788aaa1db8dc7bdca0263c25cffed
kz_bhop_Itriedandfailed,2842248,668722,588ec96ea37e7d61ea1abe9b73805027c5b3f6a6
kz_bhop_WhenStoned,2164823,1362889,97abaedfe9d012e71d647c862f150263bf4a0006
kz_bhop_affinity,13521607,9560090,4cd58440bf37d9302d6c45fc8158efdee47236c6
kz_bhop_anthologie,971524,235156,5f1a7331801aef86695cabff21e2b8f55224e0cf
kz_bhop_ascend,4910717,435910,a94aecbdca33d32e7d08df43ab0f7f41066ef133
kz_bhop_ascend_v2,4946402,434770,24d7df70738c4be846174f0d6e8a6c54e1af2025
kz_bhop_awake,221287431,121710855,95da268f166292d8fcabf1eef062026f2b57eedc
kz_bhop_awake_fix,230400135,129737790,6146d1c22eef4d65913b7c2cf6c41f88b2fcd8c5
kz_bhop_backport_css,3092788,1655421,dba1d15d3fb7322845481ad7a5a0fcac396c6ba0
kz_bhop_badg3s,518663142,288066901,9fc0b8cae5c83033bac0a22d0759dc5325bcb2a7
kz_bhop_benchmark,126778068,53275070,fa14bdc22a55764a25ffcf31282ac72b42ef2943
kz_bhop_brickbhop,4511118,2010072,e6b7f5005c0dfa9554582f1231180e2d7ba33e2b
kz_bhop_cartooncastle_b1,11195422,1935543,a5c330a70a71451ec0e44e54655d312fa9f52cdb
kz_bhop_communityjump3,233145999,134137503,7b519f53bbcf642ccb13bf853b2223ebfdc67887
kz_bhop_communityjump3_v2,210486652,111304310,a2cd008c2cea8511e62a30ab1fff563b3e5f4a93
kz_bhop_cube,30047658,16466772,709736b02a983a340759c643ae08ef647fd69e0d
kz_bhop_datatransfer_css,3489363,1247971,344498b81960e182f56dee4dd2d7e2c726cdd7c0
kz_bhop_delusional,7710358,1615911,2ba79add063589d29b67198320d9c5f961f06231
kz_bhop_deserted,45566878,11841843,a69429bee6c52379d8788df0c9ccf383ed0862ff
kz_bhop_dusk,78035970,23622149,3778b83ae127d0e240c90c1f7f8f645a727079f1
kz_bhop_eazy,8176099,982839,b30254adf5174519c6f81530af8be92562cb2dc0
kz_bhop_eazy_d,7675426,784403,fc206ca144413189f7978d82437127ff6e9186c2
kz_bhop_eazy_d2,7671967,783627,589cf4f84e4514e49a5e1cafe5ecbec9bc74c3c4
kz_bhop_essence,63430938,45273022,8e6788a6cdeea7fd2642587b82de47f1e309defd
kz_bhop_fuckyou,96409924,70446127,f698fd3d702567d250af541d81e7488d6abf4de3
kz_bhop_global,165103178,69042518,37324a62cfbdf9743b553acda337ad9327cbf4b5
kz_bhop_global_beta,100372095,8665580,9d03c2195ffbd427cb24c27b073497a2f2740e01
kz_bhop_global_other,100372095,8665580,9d03c2195ffbd427cb24c27b073497a2f2740e01
kz_bhop_globalbeta22,109882769,26634097,5a0e9a0622f632bfcca315cdb318f24fe0e33d48
kz_bhop_heritage,228252317,123588159,6872c9f25250ee700e707a4b68ce4c16a4329d5d
kz_bhop_heritage_fix,230543705,125018009,961ceee4b70c3f9f3f602cfde65e389a1706b8e9
kz_bhop_indiana,57604592,30060190,c3b7f92b95ba70556c5d108af5dc71c78569f96f
kz_bhop_koryouz,29327812,9853986,3d11cd1b5df9a51d2ea6a9099b83bf6263c2f026
kz_bhop_library_pre3,116143172,60809833,3213c0236e2fb6052490457ffb86f4aaf087a335
kz_bhop_lj,29947512,4933727,c1a636ff9fc33055a09b8049fb7d27d6c1bc71f6
kz_bhop_lucid,89914155,39736081,dcd519025fdaf2fb0e841462bd97b05cab860a71
kz_bhop_magicbuttons,1309063,477020,35f94ad8c0c57d125dd28346ed40d03f26ff24c4
kz_bhop_minimal,260655802,55863260,5f99ce8b9fcfbbbdffd3bc90618e33c1be76d232
kz_bhop_minimalism,121359128,41268629,09459aca6b538191ec77f1f4b25fa3b063ec32af
kz_bhop_never4,6568035,1118592,808f11a4c68c73ddd265cf547f14f0f599c0c7f6
kz_bhop_ogle,1968028,755356,50a30584e196f5adf2e7f61b17fdcdbd818a710c
kz_bhop_partest,14860987,6653608,c3e31874ee231e2c7a695809e538e84664f82229
kz_bhop_peaceful,70867260,46944033,acb7d020b92f66ebc309d311c575d269a0b4c023
kz_bhop_practice_room,10339926,5841561,7a2ae70c8879bf0fbb222b48e8945d01a3fc73f8
kz_bhop_rainbows_fix,36568007,30235088,647c7ba54958c8327cbab61a3aab3ad40818a03a
kz_bhop_rainbows_fix2,36595740,30241491,fc8ed994ef4ceb5c8956e4c53ee91950bc57d18a
kz_bhop_raven,23979525,13393228,1faae53fb84dfd2063410bbb0b48d39ebf085e98
kz_bhop_sakura,34339902,25849739,aa924b90463d0a6c0229314837d23b92827c1ab7
kz_bhop_sanctum,147159346,69041628,6c0ce6a0f49b9bc3189ddb8af1865633a5e39432
kz_bhop_serz2,100214700,41803265,8b349d0b86bd530fd7f7b191d4b258715af4ada3
kz_bhop_skill_clearcut,24637015,9442066,8cef58e3ab13756e3ab54111d6a989f006d8fe19
kz_bhop_skips,3165304,402536,5e58ac02ebece29952be4c0d42b3850bd2298031
kz_bhop_skodna,71530709,17928106,9db012e053dacd0e63005bb6fe22b522eb5619f1
kz_bhop_skyworld,159927177,121424955,1816667c71093d0fc25e329506769add157f0774
kz_bhop_souvenir,38720634,21061553,fdd1725683b527df8cedaabefc3789023c0af29e
kz_bhop_strafe_comjump2,290595479,143738642,0225170a7c0cf1c32e2510878f5c37e2dbe69025
kz_bhop_strafe_comjump2_v2,289751600,143246584,e18b406857c1419fc5a082685777d2ddc37706b9
kz_bhop_strafe_fixed,26060696,10395029,6da293960bc9298e6143a9d7ccfcb3f6097c6874
kz_bhop_strafe_reborn,9182490,2290689,d40dd4f5ff45ff737bfd5645264ad3089f5023b7
kz_bhop_streets,887642,283874,6a61a794297c2c89b78de33a34e30804fb060db4
kz_bhop_watertemple2,7136199,3361444,739ce80713669144d9e2e9b7fc2c76e38bad4117
kz_bhop_waterwood,21919557,13508321,9f9e5b187f8b9106e98b6d6eb5f201829624a599
kz_bhop_waterwoodwood,14971599,6749878,79069721a552e188e9112dbd4a5a48fd8be13670
kz_bhop_woodworks,14860875,6661527,452468755c1fb717a9f4ed21456930379e99e16d
kz_bhop_yaan1,15995522,7359109,ac4b9b341e68bb1a2febafd28b0e234fc23bb9c2
kz_bhop_yonkoma,92868036,39496186,5f5aa3f074abd3e1de27c22d2740fc09c3a24d36
kz_brooklyn,13594547,5806235,2e1fa29dd418df1e0063ad7319a752e0d3fc02e3
kz_buildings_fix,37729637,14904079,80e89a14b9b0d14966897c3340b48a97afb01070
kz_caulis_fix,24813680,8030515,a1d74a102a155832cde228c48c2acafce4d75937
kz_caverns_deep,6250897,2855050,e1ccb5194a224655e34dc430d470480eb887b890
kz_caverns_deep_fix,16056252,6723992,92e7f2b8a7a0a83d149050f4d9eb0d25cf8cc98d
kz_cellblock,18598694,6608253,721ea5e01089922004bc8bb357c6e22056597d86
kz_chase_nocp,154425807,81324351,c4f07a944635a91ea000a0ad395b695ecfeadd70
kz_chinablock_fix,49816175,16658311,f3fd2ba16ca2cb72ab705c2c7679283b38db9581
kz_christmas_fix,25578097,10994610,c5f3bc36f4862ed8a7fe4964d700b3026532cd99
kz_cliffhanger,6651918,2665326,f901d19683b0a59c3b54387917c8bd3fb49d2f5b
kz_cloudwalker,59743925,27806246,cb9256eea94ea52ff1841b0676547b8f77bf3e33
kz_cmfrb_v2,51159123,20218275,78dc18f5acd29009238299210c2edb5a58389d48
kz_colorcode_fix,52233969,30574826,acd6676e5297d770fbeb08bdcacf3a01ec1e73f1
kz_communityjump_acer_retextured,472992,142249,310a86603715d3e1be187cd1794debf715b2e70e
kz_communityjump_revolution,15523182,5330648,2fd6a33da533d852b67220e75bc5ae8e1cd8333b
kz_concept,71613523,29301101,674d12706a11e67bc3c25cd7fd121f13b72d1508
kz_crate_delight,3514262,1733492,4f529b262bd9be339b2eecf38de60903ff216a9c
kz_debod,22174631,10222589,1826471470b6600e31308f5ca664650b1dfaa639
kz_debod_fix2,56102792,19899971,47b38e7b9e0484d0a3d40ff6c460c21c521d2aa5
kz_egyptian_halls,32384124,9981861,194db64ee0739fc063774a56ff921836ae0971ff
kz_emblem,72913245,17730147,e28c48a6c3c3e627671e988f1b3ce87bb9876392
kz_excavate,14719056,3855490,bad87b5141aac61014458be289e032574531ac45
kz_exodus_ez,5458295,2317777,a68bba77cea45310a3f5d86a89b335d197dd18f6
kz_fastcombomap,28866655,12877931,e27a6d3af11d6e7f461275522ac52502d36318bb
kz_final_ascension,138460115,39591103,fc27720344139674535ee3b3e4f85eeba65d6d04
kz_flash,2226866,676570,a0a43158ebef525deab6f3e1164f0bc803537b5f
kz_fofmania_strafe,54322253,27416956,67bf3ac5dc8d8edf357044381ea20f32f74aa4c1
kz_frozen,8385628,3382229,61b3ce993405eedc0aaf9db76efb41ed6d985fde
kz_frozen_fix,21285818,7165013,dfc2ec31066483e547f706c05e4bfa1ce4cee7db
kz_ghosttown_ez,44285064,19738824,96be6744b9a12f9e29ef89ef535d8b07ce8427ff
kz_giantbean,29648319,7524255,f38fcd8e868bd8341c776339844187f62d22e17d
kz_gigablock_fix,13985718,6126120,a08b23a7bfec837e1e38f90b56d37022bdfd8842
kz_giveup_beta,1126584,353053,337e81c393a28793c3ce565c8303e49751e03790
kz_goldenbean_fix,9119351,3589126,07ffe35a85c7a84ac6ca40e1fbd0c37ed3164936
kz_gy_agitation,119397413,55515520,5e247a2161fbedb35983dd47a1a1519d58975656
kz_halicarnassus_fix,59653370,22569795,c18781cbe1619268bf8a830dccceb018000290ac
kz_highwire_fix,50266256,18005625,7803be33ef1604fdb14ea4534df144ec5a170d3e
kz_hillside_fix,23532969,10123886,d4db4f644fe68c85cc5c74528aa83c17cffef680
kz_indiana_jumps,23986595,6024604,dffc613f76068d88c1dac4cc4544af066bf302a7
kz_internatus,165547280,82511475,e1246c85e510db905b943f7eac5e9f3a66c99c83
kz_jumprun,4127188,852714,783da86efb7efc4a77f5b07dd8a0ffe31f8dddc1
kz_karnak,25182367,9873070,92e9203533f7390994b5c6b768cb92685c3f425a
kz_kzra_crystal_palace_a01_fix,21553991,7365344,361c382a239ed58708ba5700ca6df8daaec88cc6
kz_kzro_communityblock,62651274,34002974,f911a6517d81b85979320aa6ae5eb25c9f558239
kz_kzse_aztectemple,44795059,15723020,9e290700c91daa99590cced4234ca277f7fcbcfb
kz_legit_gray,3261649,540879,ab93dba9732c60fc93c768f967307188f0404356
kz_linejump_strafe,32678866,10295119,1cb2f7b215bb69481dbf84586d70673e5b119476
kz_little_rock_fix2,16479688,4296711,ca2304784ba9343b106b09d94e2f806d398e0230
kz_longjumps_ladders,2501184,539440,19f078c056ba2c741e63f26031c02690c07de26c
kz_man_everest_fix,63272108,21907598,a223be0cc6aa1b106958111080ea8c456cb5551c
kz_matilda_v2_fix,106884874,37392088,7ecf4bcf3eda5bb1756ae56642421c08fe1a4cc1
kz_mausolus_fix,28120835,13565671,fd85b558b8e8c2b75df73fb1e44b1035cb92027b
kz_metro,5443978,2568178,04e028cd28cf488d53d1e87533d21709b258111b
kz_minimalism,11063549,2318324,f61490351318a34276719c9eed065f7941248e70
kz_minimania,14672252,6338429,d9320d8649e95f5c36b95d50d144c11838cba12e
kz_mix_multitude,8670232,3481814,c34d70f2663344fa09f2f6f579044370d648b976
kz_moria_fix,16210532,4397535,85fdf780a805d0c57e6444eb5503203876dad234
kz_ninjarush,19280571,7176471,f6ec6405ebcbb08f55d8dc7c3c7533773bf1c154
kz_oakvalley_fix2,63156021,24635281,fe24d2957cafc2d878a88206175c19a52ad55121
kz_octoblock,23044728,7071741,b877598b94656ccbdd58bd728306522f9abd302a
kz_otakuroom_fix,90098570,42427899,38843185f80f6ec98bebfb020631183383397d18
kz_panama_fix,15634429,8220294,c939479846849789c72680712475efd8477087b9
kz_persia,51162084,20218861,ee47f6b48993a44d1bb50bca2e9d61d92278e198
kz_psyk,53748972,29361994,fb843815136ceeaf37ee9b345364f02a855fcf08
kz_psytime,20196435,7777511,39e1fbe8f6f9aee4d7c080b25a4bddf111d5358a
kz_quadrablock_fix,67122243,15890527,71937713a849cc47556290740f65902786590746
kz_redemption,24282030,10278622,3d39e65920e1232f04192bd664c50b8b79517b59
kz_redline,18418799,5622020,937b6629a97c4790d1c9167ff6cea85d899bb717
kz_refinery_east_fix,18252505,4883197,cbecbe751d1431b56664590b93c04453260224af
kz_retribution,49603644,21341563,237bac9c12fbe5884924b5ab5564727fbee2ec41
kz_rockblock,3015070,1244995,6e046d5db3cb6cdd53e8bf4c94093908131d3900
kz_rockblock_hard,2991766,890997,bb73b671e99ba42d14095a38dab6d92d46175563
kz_sandyhill_fix2,155464857,28073261,13581b910c7e76b421cd1f8292f98cb6e5dfb0c5
kz_sheol,51723768,22508710,e74d39286e4995eb6d806dd7be15c191128db5a0
kz_sheol_fix,76666612,39556059,5ebb010ec9ef1dd1d04a3421e489fc8c31110f7e
kz_silo,9449214,3675574,4475d5ff841433e5a21c472b22df18e94a646445
kz_slowlyfartingoutashit,27456740,14751503,f9f7cabc137a1481c059a7705dc4e249a32eb4cc
kz_spiritblock,11581498,3483760,70745d8a9edcdf2b95e154118c1cc64632e93875
kz_station_fixed,6146360,2430521,ffa4c1b5679fed4ad418c36d4b476d9c8b893337
kz_stranded_fix,9909163,4464171,28a9d67ff4dcc030f1dba59992f1ca27355d5278
kz_sukblock_css,7873498,2722804,5979765e8611731625b7ba360088563ae2552430
kz_summercliff2_fix,61558530,24391210,3e4867a7be5a8b01bda8a43b08951a596fbd1dd9
kz_synergy_x_fix,14173834,3948709,4015f63b9810a4c11dca3d023eccd07c64aee2a9
kz_terablock_fix,63477858,17690046,6a60b7e41a73cc4b5c816d673e6a670179efc701
kz_testlab_fix,15707473,8534096,24474b454c41689bdfb7ab29cdfb6d88e463fa2e
kz_tf-climbing,1644692,330548,f716a687345057faffd146705c79ca28f7dc2e88
kz_the_power,4258388,1638434,26bf71ef9a129b08403ab189afb61845d305f2e9
kz_tomb,5019164,1432247,7553c73e9660b40b48122ff2969213856997c21e
kz_tradeblock_fix,49421132,18130060,59f253ba1b60b7e168043eb8c6a49aa3e236786a
kz_trippin,29019572,10449015,bfeb6dfc1af387fddeea16a1b9db4cae09d62940
kz_tunnels,4442542,2191785,69354d6583d937685b69f3673314e18cd3c589d5
kz_tutorial,30180960,12227600,e652fc1934747ed89da8edf03fc5e121a2e17050
kz_undergarden_fix,46070960,16529297,b9b54996b21b563e79d613374fab14ba108a74cd
kz_unity,101124774,48466511,ee090d1fe9996a7cce6f0061dfb24ae54b6f57fc
kz_woodstock_fix,8695196,4066219,4ee6200a9567e89d90ac5d3a31530f173d8c19e4
kz_xmas2010,27279000,10014544,cdf96cb1c07a78bc7c8faabb3964a0fc0e6435ce
kz_xtremeblock,10917684,4482739,cbd29e03a9b347c0ba5281d897d4fcfe5fc045e9
kz_xtremeblock_b2,11914890,3288171,841cb97d9cc0cf82b5d45305b75ffd646301f017
kz_xtremeblock_v2,73032481,25836865,09acda97c2e8e91cd974aaec56d45c3526f7c9aa
test_hardware,10698944,5500471,42b5b03fb1982756f47b29caac42b324cc197544
test_speakers,287772,111033,66f344061108c9ca59b6180f492e3a578748182f
xc_2rooms,2385316,472063,dfba378830bb597b9a0bf292ec536f693241b984
xc_7in1,17728676,8234491,12cf3ba49f28f26c7b5f94a415e8fe54d6581a08
xc_9towers,1463972,279409,4d2bf03d12b6ae1b61dd0e75b2409ddf4d8f1092
xc_Lost2,18955928,5697958,a53528160dbf78b4a1fa9c940575d70a4bc4b1b5
xc_Pharaoh_v2,21528135,7825339,cd86671c9b4bed3edc8ee314c6d0696e1ef1a058
xc_TWLLS,8197138,3229169,8c96eb0ce91cef9654236fcec02fc089c6296754
xc_Waterleak_final,14418048,2389892,3b789dbead3b932ed5bb6e36527a34d0a89c1214
xc_afterhour_v3,4519444,1592619,e4661aa39d09a392f76d1b45f4f3e283208c039f
xc_aimtex-2trex4,4411448,784702,62777cc7c3759c37a6e93cacdf9e17b5d22e0bf2
xc_ancients,24493185,10012999,22b8299f873bf1bba7bdc0d5d9671d12a9276bb5
xc_atecclimb,3118508,242002,60934de12d9983d3bff850eaa12fd237f38a7d73
xc_azteclimb,8191507,3620344,3a7d2076ceaae065fb07e781a2206dd94d2a21e9
xc_barry,1479928,385507,8f77f62557624ab649495c9dc131f79f9084f677
xc_beach_valley_phqnix,6075588,907299,c3fece90dca2bb343f46cac717d3309e6239c7da
xc_beste_beta,1969904,330801,4618670f14451f3344b32ad30dbc10dd82aee756
xc_bhop_blackbunny,1532656,474366,ad9a181b9637881ff0eb40605330cd2e50c82ebb
xc_bhop_makfly,20321527,2683842,9a7f1d16b9bf8e8d1ce7ce49b097040da7decc95
xc_bhop_myyxtreme,12402524,7746224,8682c586e39707925b08a4c040bf08138ebfc2b6
xc_bhop_source,1645224,591431,b54cf5cb5a01c22ebe3c7fa7804b5f8c7a45f2b0
xc_bhop_source_hard,2120840,323336,84e2fc7a5e4458890d24d3163353c109120fa302
xc_bhop_source_sr,1508172,515187,76c4b46eb50237b316b053d15320db2ba3d4d50d
xc_bhop_source_sr_d,1963676,657152,9df167ca60fa134cbaada4dcb91c25e98cdec8a6
xc_bhop_texture,5219304,1406599,0c35b057e1fbd72e996e277772ead50b621f70e4
xc_blizzard,10005333,2105633,37b3496dc672a2224b0891fd9598ccf3107a2e7d
xc_bowomie_v1,1261492,444935,e62ae9724863bce7e75ccb67b58fc6fd49c3aa86
xc_bt_maverick_v2,4833316,1549742,6c708a659bc4686d30368f65c884805307413f4c
xc_bt_peaceful,2310176,793018,3aae24936279c513bfc3674e9c522508426aa247
xc_building_intel_v2,4109396,475201,266f480db69b0fd431b91914ccdd041e02e87d3e
xc_canyon,8573356,2194350,7332e1347198618b7d68b274f803ced15e43dd4c
xc_castle_v26,7684540,1967961,996694c57a63214cbaecbbad92bc4115ca407a56
xc_caves,5984604,2507219,21f14b6924d004c8007a62fd0597d02a1cdab327
xc_church,10766024,1857902,fc4f6bfafd12e26731a023bddf8294f209ef07d8
xc_citadel_01_v2,33715792,13857038,4970c1b78ebec414a994956c528f6182fd1eba87
xc_city,1153108,153992,ba05ace2e8ee445d9761b1bf27956aec28233e6f
xc_cityscape,13127812,4328985,f7c1040301ddc80617c8c7f1bcd6f3021b68ff77
xc_cityscape_hard,17903551,5262164,2b5127321b8564f4ea0124cd77f0c2701874b21a
xc_cliff_of_kamoon,5508264,1461330,3bd7ae22f7cc1ae1c6f8bb47e72ff07d5fc517e8
xc_cliffez,12109820,2850967,1053d87f3283a516f3e91eeb8b50ced1ca48c7a5
xc_cliffhanger,2916716,954310,6f412acbd940489fffa583021a8b94ce6b10868a
xc_climbhigh3r,8578552,2842741,540cc61041b263fae02a44d483bbea22d5e24056
xc_complex,14659636,4887044,67dd3d0fca6bcd3970e231d0edf40dcafdae60af
xc_compound_alpha1,13652740,3636276,24aca8f8ada5edf09b66ba7a266402683f703484
xc_croak,20654705,8839566,a454ba349a28d1686810e5446511a07dd3972f60
xc_croak_easy,21207540,9209065,173c1f4ec56aa19c3c8be4759fd67f4f4d1d1cc9
xc_dark_watch,5048352,731913,0f3343c241f13b34c7f50b9e8487b8c1b110cdde
xc_de_dust2,19414524,8071678,92272490bbe484e37a29a3101152130d75e47880
xc_desert_jump,2514312,1027303,c5290880f346e491ae8419b8bec01542176114dc
xc_dev,6380460,1521292,97efddfbff6d451479090cc2d33f3ef246a53bcb
xc_dfkt_chamber,5840652,929755,aa1a66cd503e132ba9be05b40585f09c5629c784
xc_disco_building,1887276,718486,959af05fc3579f829a3643cc78b72598dddc207e
xc_disturbingcliffs,6395814,1062421,3e71bb1487b3c8e79ee63077f238cb7c11cf7517
xc_disturbingcliffs_64pos,6417590,1097202,38d9c3211c1d0f2079147fc88760a1e25b49ba24
xc_docking,10700732,4527142,76f9050cc9e041da900ff5c0d7c5fe4773447a20
xc_dogers_challenge_final,7003444,629790,6cffca0f5ecb73470b881882a2ec7e6930e0729a
xc_dreamland2,47609792,31431145,31669780d967184bdaaa8916c24031c19fd8c20a
xc_dtt,7335288,1818352,8df8c4e45672b0137ce32fa805628ca52736e64c
xc_dtt_anthologie2,18589476,1775873,1716693778eb2ea1bf2e72651c345896537ac74e
xc_dtt_anthologie3,8864720,1823213,3bf8b2b37e8505bcb0371e1048b1aeb443b41648
xc_dtt_hope,2773912,920769,a0d511621a575d2c4ef3d728b63b65bd43764ef1
xc_dtt_legacy2,8302128,2875219,6109a1dde696a2e5cc163999d45cd31dc184ee29
xc_dtt_nasty,12916276,4359053,c45ba19912e30ca9cbd51f1de306eb61d5cbc3d3
xc_dtt_tixi,23564988,10609156,20643624764e439f5aed690bdf107fc5a3bca156
xc_dustclimbing_fixed,5009844,373169,70b9cb18420121e79c02f288444730320c0dca9b
xc_dustclimbing_fixed1,5009844,373169,70b9cb18420121e79c02f288444730320c0dca9b
xc_easy_dogers_final,2879248,322814,261bfe88f16c7e42c50e87d3f63d061760d8ee54
xc_easyclimb,3383444,1233304,e9e5edbea157edac106b4e795c30f24b3f9626b7
xc_egypt,16071840,2888022,b4d7f332d4b426d893344dee0c80213632d62c75
xc_electronix_beta1,1773486,585377,2aa4ee91739ddfc378edb8ca28b5d7846bf97059
xc_eliteforce,4461200,191858,7a023803748948867410a2aba446bc6f7b2b31fb
xc_eos_cillybilly_beta,1911356,903225,34c6faf948c2f47b506f8b5ced45c79d14959e82
xc_everfall,7974424,3258880,997afa769d94215a8fad8e8501c3944ef8989230
xc_factory_b1,22705489,11795392,7f9551027ef66a6c8c37928ae3888edbc8f68904
xc_fail,1017240,300653,ae42a5758580a6d04cf3252bb5986b0e0feb94b8
xc_florp_final,3894704,288943,19a31d2360fdebf10b01c577cc92eee9324da29c
xc_flow,19477774,6002853,c4c00bf46e154e84687c90e99f37b48cd4dd34ad
xc_forest_v2,4126916,1979471,61bdc924d134b178294b8fb2d6e2f267adab458f
xc_fox_shrine_japan_v1,40192732,10552472,0a77ef3d230a9f5eb0b243230cda0c239686872d
xc_funky,29342631,11020798,674e0a4d4aa9dcb71d3216695b2cf75e026679a1
xc_funky_shock_v2,10339224,2328053,f2ea4874287bfb65b94a6b3f4a84e929ec1a6413
xc_funpark,12853425,3504287,11b0b029dc95933b03aeb705985a8db10bb0af5c
xc_futura,1935312,478561,2b13719062287d417454908aa44fe7d2f9f18481
xc_future,8232970,3582743,ce2e41a4ca351691ed8fc66d9a8dde0551a494f5
xc_galaxy,8574679,2007673,cb515aeec2f0e809b856a24a2fca100fd3eb60e7
xc_getontop_v9,20565668,4786785,6049af9e9645bb252451a803cb18b86fb3d6eb10
xc_ggizs1338,7903500,2324949,421892057ba071e1f1835db6ce244c18b25cbb8b
xc_grim,2030384,503896,f3273bdea1402aed267016d7597e1ddc2d066420
xc_haki,18834064,7093993,7b50a8c6572557cb11a1ebdeded4c320d5d5108f
xc_hellz,15165904,805153,31ee71ad6104fe10ba44021ecf61f7df169f4136
xc_highjump,1423028,226796,82a980c2729512d67ca59790987adbaff2982cc6
xc_hurt,3928860,709628,842ca7777d30f0bfa77f63b684f8bfad63dd20a5
xc_icefloes,4734156,866556,732787498aa22eb24c0e0b4af993f06bc7a83e10
xc_j1nx,7767268,3231686,a721f7c653316c34b7ebafd28f5c91615c0902aa
xc_k2l,4338256,1097298,052e73e690c23b2a8c67332d0974ed7a75ed8db9
xc_karo_v2,8066205,3074778,cfc8980145ad6c9b84d765d7eade0730ef694231
xc_lab_pole-nord_fix,3541928,858778,c7e777958c96512c0af4174664e87d94c7a17548
xc_lab_pole-nord_new,3569789,1011237,a32dea4462454d2ab9cc936835b52ee018aeed8b
xc_lab_pole-nord_v4,4003200,749123,e49a0836cec1ae61515aa0c020ca167d5cd975b6
xc_lj_by_goa,4221882,1508422,94e530fa3ad6133997f824d9b4e6f1dc99769e5e
xc_lj_v2_by_goa,24307543,9302918,d3456e302ba196eaeceaa92474bfae43ace20bf6
xc_lucid_fix,15915317,7772292,430c453ff6f41b3a7e4c833c4491193eff03ae92
xc_man_climber,7148584,360797,d73ec350565078f1ca510f123207792cc077ff97
xc_manclimb,8661320,2889331,97e6af761828f1afe5471542fc160c09eda8eaaa
xc_mariobros,10082201,4050517,3258f0423ed3ed27596eaeddbfe4407429066a98
xc_marioclouds,15129708,4692555,3625c9dd1fb22e82cf308995ec04acb5cce5a995
xc_medium,3816660,1437899,a399b91cd1e32b58996b2c2ef371868df89bf161
xc_medium_v2,3816852,1437907,c01b1cbbb4afbf7099d7ca0cdc510aade605fa4d
xc_medium_vxx,3865124,1414089,439f90f61f12b3e8554d897f6dfab79eeb69ad64
xc_megabhop,2295040,683990,48cb1d1d1cfc493a3e0264cc020813d18442abf0
xc_metal,7447204,1579655,4a7215f56182f17e631fdf228db19768ee3b5ea8
xc_minecraft,13242637,2806905,209b70d1ad0d2bfcd070761c85b7dead12894a51
xc_minecraft2_fix,13847198,3126221,186ff59187a01ca2b03bc3ad428e109edb69cf69
xc_minecraft3,23726034,6732018,8647e0f691642090d61750bceee327a579a5e00a
xc_minky,12394252,1110864,5fab346df3a6dbf256ced9743c19fd5261aa85c7
xc_nature,6241224,2393500,822d54817b711fc4dba99ca21fd2c44e81d15919
xc_natureblock,2483783,921512,b1ece5e47681d9fbde32d92294233528bbf361de
xc_nephilim_fix,34998598,9814030,a7e7ff3308adfc36e8240353ebc27c163c164622
xc_nightmare_v2,18496068,5676668,24fd6c2c5595c8a00f67420a8bc3fbf76fd8d024
xc_nubcakes_beta2,3467223,794527,3317b4ab3a58d478bbb540a66cd449516ed79ffa
xc_obsidian,11050086,5068010,28be5b81d86832d213ca651fb30350c00ee63334
xc_office_building,6002024,1672396,1525e61bde7a69db9c30235a4d480ed30b462883
xc_overclimb,5899708,1539850,f5b7b6adf38a40bdfaba2f7891d1e4fbef252d46
xc_paris,7423540,3271138,bb7e3d080e1d9df2aca7abf2e898f10d18af6450
xc_peak,9504693,3397538,ebb9d2394e2ddf6b22f66ca05e06e8cff8acf410
xc_piscine_final,5653500,2116222,39c91996c8173cc847a3ae92b96453e883ce7a20
xc_piscine_v1,5903548,1672141,66e4c733ecdc955ab6a25787da2f2899f4a35aaa
xc_piscine_v2,6977280,2114175,02f29e037c1577070ed55dacc6c3a61b5594aacd
xc_pool,5612680,1491573,e6024f3e4284763e803ba5ab78aa26375350b512
xc_probunny_v12,3481544,702505,02516cfaea6db4de865d96755bd6fc3cb7d88e26
xc_psykeeys_v3n,36883639,13778733,8ff5c9db24544c5bddff7013e53dca99a3ca2c7c
xc_psykeeys_v4,30912822,11447750,9971e1b11c07b200267d3d5d232cbb234b2ca095
xc_pyramid,9035977,3291003,c9f27c772abb1b80dd4ad6b23d7698d7f62289b4
xc_qube,26831092,5158429,38eed6d1764165eb4d46e5fbf9b7bcf04a2d53af
xc_raceway,7727692,758935,6a30c5df9f155d754e446c8972dfb6cc4ee6072d
xc_random,10942706,8886620,8b04c85399a66506102d9e9cdd500c20d309be2a
xc_rat_bath_v3,10048488,4162879,e11657e8327fa83ebf69611590d14b8047492ed9
xc_rat_kit_v2,20584826,9143426,f921a6faa899f670348837626159bd6bc276edf5
xc_ratrace,9530024,2787032,238818bf0f783102c2d78b96479ea1b887b401e8
xc_rig_final,16608476,748316,a6624c983f76c54431c4c3e6350baadad5ac7bb3
xc_rockclimberz,5616688,2160037,08250cdf35d99807f482ac32071ba935013c3a66
xc_rocks,3815984,1418982,91490aae1f4005d6a17124e87d046ec870ee0f29
xc_rocks_hard,14711277,2378338,bb7727e8bb0fd344d30cc0a33899d62664a34d5a
xc_rq,12682316,3493453,19d7803be30caa21f8c79f90d6b7b037bba89513
xc_sanctuary,11883868,4393613,87125e289f279ffdde2988617a6248f04b46b0d1
xc_sanctuary2,40704056,15571805,0bd98bae9ffeaf52d9ea18085d2a98fde6c8a5f2
xc_sewers,11181536,4459129,ae38e32f06d367391f1b1eb530fe75b5a35c7411
xc_skycastle,10489446,4552184,caa15effa735cc102d51dc6dd1825a434acbc0b0
xc_skyparadise,7060320,2415534,f3d2886706b14b3a215d190d82a4098ca9f9d157
xc_skyparadise_v2,6514988,2218098,b8898fb55a456cd59e4d6e944f7f7f732c034ce6
xc_skystorm_v2,11279263,4707340,a9c1c33d683c18f0db7f143b34eef387e5130fce
xc_spod_beta1,21646095,4590277,fe85026431c17996554d8630a9f3b9aba937dac0
xc_spores,27545982,6119537,54217a9dd49e8dc1310162e4d85a96be660f186e
xc_supermario,10256418,3550326,9d5b786a1d52f92c08ed2bec2deef25ff1370448
xc_temple,68411384,30025604,c01cd60117b64f3e98a3fb9d83c3df828c7fee4e
xc_test,527780,50972,53f047d375849c881b3cd49eee6e353ee2666ff4
xc_the_custom_finalz,13685607,6665315,4cd0361f8a14f25ef5bdd32e33bdfc7f714e6693
xc_the_custom_finalz_v3,13836529,6761000,ed2b29c062535172f0952954aa2ddd40b2af35f3
xc_tones,24184268,11046705,5142f4d51055f755f454fb280611687ea2d0c9bf
xc_tones_v2,43711021,18929481,7c182780b57fbdfa42da8f24d59054a1ce45838c
xc_toonrun,9654804,2972783,5a40f3ad3a6df0fece91f22fb484b114f12aabd0
xc_toonrun2,16306280,8833726,4e60e5efb64b2075d58db77d46a4a04ffb02be01
xc_toonrun3,11131769,3346946,911a8e7495316979bccf45c4748dba918ac748bd
xc_tougherluck,3731188,2382154,92c1d66beafc0ce48c3053f7629c3733181167d2
xc_toughluck,2716332,863935,1495b4fd52f60bee5a26cce57c566ef208115079
xc_towers,14309075,5371883,df5d2b30facb53552d4544b2b521a882b85e509e
xc_treejumpz,1500540,156787,cba539e49a5f83986945ad0fdd299be51bd23931
xc_tropiclimb,4273818,1310177,3a34946bc8dda7cd1a11c591899e3ccecfce4ff8
xc_twomountains,4009312,295325,88b1aad151eceabc9f0a2fdf3844039489b8c003
xc_umbrella,22374003,10488861,2ba6d3f46c0526ed4e0942c2cf3c236b806dab6b
xc_umbrella2,42422371,11572967,ca0f2cce0e2c5cf76f314072dcf4977b070689c1
xc_umbrella3_css,114557149,47391374,c4f7633d2a439fa9939329738d3e09c4be6cf5c2
xc_unknownposition,14775272,7422799,e615aec0c0c8e3b31a813a77bade67e4f06237fb
xc_wallclimb_fix,2690504,796076,761ab62871ebd71a8e3a05abaeda737f749dd6f8
xc_water_color,6255925,1692481,e5141bf3bf367af0d589eef9c32f2224458d75f8
xc_water_light_blue,11823136,3758502,98867157299a8318903e9983644814d4968997ac
xc_waterworks,4731293,1722490,cb0a8d4f52ff30c989e1773807f05a89b385abec
xc_waterworks2,17014413,5866355,003f4a8476f8f831d5c8f2490938a68302491428
xc_wood_wall,770936,241485,77dd9e2823c1d90d6588b834a493358b1924a46f
xc_xand,8074588,3356116,e5f8f3d0d47129c9179eb8e45abddde185bdd4b9
xc_xxx_target1,6015628,416516,aa549550e118c7d99544ca7118086e89d114e2cf
xc_yoshi,18389456,1982727,d66ea5ceeb97700d8389882eccb65cf17334ec24
xc_z-city_tamama_tree_v1,11787084,3849275,f7fa6a438cc0b2d85fed9262171821ea6954f739
xc_zx2_2012_match_v1,3660304,1614139,cf3184858714d4c6d3c669fd87acbc573aa3aa97
xc_zx2_cg_wigbl0ck,6071468,2786265,1f2181120820cc28f38da1dc3f2a9cee8384f168
xc_zx2_climbers,5163456,2320972,6d9e58751a1021dd6d0f392a6abc955573a7e0c7
