Lost,5942784,1763668,c21d93c39d330e5ae24323fb4b1717d09e62207d
kz_afterdark_fix,19024472,7346254,99e07fdacaa80ecbf766ddf23fe244e39aba3c9c
kz_bhop_badg3s,518663142,288066901,9fc0b8cae5c83033bac0a22d0759dc5325bcb2a7
kz_bhop_yonkoma,92868036,39496186,5f5aa3f074abd3e1de27c22d2740fc09c3a24d36
kz_brooklyn,13594547,5806235,2e1fa29dd418df1e0063ad7319a752e0d3fc02e3
kz_chase_nocp,154425807,81324351,c4f07a944635a91ea000a0ad395b695ecfeadd70
kz_cliffhanger,6651918,2665326,f901d19683b0a59c3b54387917c8bd3fb49d2f5b
kz_cloudwalker,59743925,27806246,cb9256eea94ea52ff1841b0676547b8f77bf3e33
kz_cmfrb_v2,51159123,20218275,78dc18f5acd29009238299210c2edb5a58389d48
kz_concept,71613523,29301101,674d12706a11e67bc3c25cd7fd121f13b72d1508
kz_crate_delight,3514262,1733492,4f529b262bd9be339b2eecf38de60903ff216a9c
kz_debod,22174631,10222589,1826471470b6600e31308f5ca664650b1dfaa639
kz_ghosttown_ez,44285064,19738824,96be6744b9a12f9e29ef89ef535d8b07ce8427ff
kz_giantbean,29648319,7524255,f38fcd8e868bd8341c776339844187f62d22e17d
kz_indiana_jumps,23986595,6024604,dffc613f76068d88c1dac4cc4544af066bf302a7
kz_jumprun,4127188,852714,783da86efb7efc4a77f5b07dd8a0ffe31f8dddc1
kz_karnak,25182367,9873070,92e9203533f7390994b5c6b768cb92685c3f425a
kz_metro,5443978,2568178,04e028cd28cf488d53d1e87533d21709b258111b
kz_psyk,53748972,29361994,fb843815136ceeaf37ee9b345364f02a855fcf08
kz_redemption,24282030,10278622,3d39e65920e1232f04192bd664c50b8b79517b59
kz_refinery_east_fix,18252505,4883197,cbecbe751d1431b56664590b93c04453260224af
kz_rockb1ock,2138864,546537,5fba74e7fc72d42fd43a33f241b135b55e20ce36
kz_rockblock,3014711,1244737,95e6a94d0890afb61f3ffbd551d84d9e6e9999a6
kz_rockblock_LJ_cut,2147272,544124,ef667d47f9a3fd3743d76d881bfc500c83e7844c
kz_shroomcave,70409998,38404869,3daf236c57ff61cf0bc8622cccdd2e37d05f59e6
kz_silo,9449214,3675574,4475d5ff841433e5a21c472b22df18e94a646445
kz_station_fixed,6146360,2430521,ffa4c1b5679fed4ad418c36d4b476d9c8b893337
kz_tf-climbing,1644692,330548,f716a687345057faffd146705c79ca28f7dc2e88
kz_thehills,102563592,53316452,fc1ea9a30bc6937f711b295a3130e77ffc41f882
kz_tomb,5019164,1432247,7553c73e9660b40b48122ff2969213856997c21e
kz_tribute,26331391,13057912,7b14a9fe03351544915c5be7edd869859551ed33
kz_tunnels,4442542,2191785,69354d6583d937685b69f3673314e18cd3c589d5
kz_unity,101124774,48466511,ee090d1fe9996a7cce6f0061dfb24ae54b6f57fc
test_hardware,10698944,5500471,42b5b03fb1982756f47b29caac42b324cc197544
test_speakers,287772,111033,66f344061108c9ca59b6180f492e3a578748182f
xc_2rooms,2385316,472063,dfba378830bb597b9a0bf292ec536f693241b984
xc_afterhour_v3,4519444,1592619,e4661aa39d09a392f76d1b45f4f3e283208c039f
xc_azteclimb,8191507,3620344,3a7d2076ceaae065fb07e781a2206dd94d2a21e9
xc_beach_valley,6075588,907299,c3fece90dca2bb343f46cac717d3309e6239c7da
xc_beste_beta,1969904,330801,4618670f14451f3344b32ad30dbc10dd82aee756
xc_blizzard,10005333,2105633,37b3496dc672a2224b0891fd9598ccf3107a2e7d
xc_bt_maverick_v2,4833316,1549742,6c708a659bc4686d30368f65c884805307413f4c
xc_bt_peaceful,2310176,793018,3aae24936279c513bfc3674e9c522508426aa247
xc_building_intel_v2,4109396,475201,266f480db69b0fd431b91914ccdd041e02e87d3e
xc_burriedalive,5913611,2332855,19befc492db8555999a2a9156753c68dd7ca705a
xc_canyon,8573356,2194350,7332e1347198618b7d68b274f803ced15e43dd4c
xc_caves,5984604,2507219,21f14b6924d004c8007a62fd0597d02a1cdab327
xc_church,10766024,1857902,fc4f6bfafd12e26731a023bddf8294f209ef07d8
xc_citadel_01_v2,33715792,13857038,4970c1b78ebec414a994956c528f6182fd1eba87
xc_city,1153108,153992,ba05ace2e8ee445d9761b1bf27956aec28233e6f
xc_cliff_of_kamoon,5508264,1461330,3bd7ae22f7cc1ae1c6f8bb47e72ff07d5fc517e8
xc_cliffez,12109820,2850967,1053d87f3283a516f3e91eeb8b50ced1ca48c7a5
xc_cliffhanger,2916716,954310,6f412acbd940489fffa583021a8b94ce6b10868a
xc_climb2kill,269668,119240,da48822b13b0e31f36382587268f5c8325e3b5a0
xc_climb_capwn,1360276,29662,40045804b7ed5d50665593076606d918e97483fe
xc_climb_uber,2962040,828722,e1cf439138159d420195e1ca8ea952a99d009692
xc_climbhigh3r,8578552,2842741,540cc61041b263fae02a44d483bbea22d5e24056
xc_climbwars,482980,223312,c2e0406acc152d61d3200306ffec7c769bfeb7d4
xc_complex,14659636,4887044,67dd3d0fca6bcd3970e231d0edf40dcafdae60af
xc_compound_alpha1,13652740,3636276,24aca8f8ada5edf09b66ba7a266402683f703484
xc_croak,20654705,8839566,a454ba349a28d1686810e5446511a07dd3972f60
xc_dev,6380460,1521292,97efddfbff6d451479090cc2d33f3ef246a53bcb
xc_dfkt_chamber,5840652,929755,aa1a66cd503e132ba9be05b40585f09c5629c784
xc_disco_building,1887276,718486,959af05fc3579f829a3643cc78b72598dddc207e
xc_disturbingcliffs_64pos,6417590,1097202,38d9c3211c1d0f2079147fc88760a1e25b49ba24
xc_dreamland2,47609792,31431145,31669780d967184bdaaa8916c24031c19fd8c20a
xc_dtt_hope,2773912,920769,a0d511621a575d2c4ef3d728b63b65bd43764ef1
xc_dtt_nasty,12916276,4359053,c45ba19912e30ca9cbd51f1de306eb61d5cbc3d3
xc_dtt_tixi,23564988,10609156,20643624764e439f5aed690bdf107fc5a3bca156
xc_dustclimbing_fixed,5009844,373169,70b9cb18420121e79c02f288444730320c0dca9b
xc_dustclimbing_v1_1,5522544,2409874,d6d89902a4d0b020d7843938fdc6156ad39d3668
xc_easyclimb,3383444,1233304,e9e5edbea157edac106b4e795c30f24b3f9626b7
xc_egypt,16071840,2888022,b4d7f332d4b426d893344dee0c80213632d62c75
xc_electronix_beta1,1773486,585377,2aa4ee91739ddfc378edb8ca28b5d7846bf97059
xc_eliteforce,4461200,191858,7a023803748948867410a2aba446bc6f7b2b31fb
xc_eos_cillybilly_beta,1911356,903225,34c6faf948c2f47b506f8b5ced45c79d14959e82
xc_epreuve_b3,843900,280647,d1f56176ceb6bf7bb305347824083a0a28839206
xc_everfall,7974424,3258880,997afa769d94215a8fad8e8501c3944ef8989230
xc_factory_b1,22705489,11795392,7f9551027ef66a6c8c37928ae3888edbc8f68904
xc_flow,19477774,6002853,c4c00bf46e154e84687c90e99f37b48cd4dd34ad
xc_fox_shrine_japan_v1,40192732,10552472,0a77ef3d230a9f5eb0b243230cda0c239686872d
xc_funky,29342631,11020798,674e0a4d4aa9dcb71d3216695b2cf75e026679a1
xc_funky_shock_v2,10339224,2328053,f2ea4874287bfb65b94a6b3f4a84e929ec1a6413
xc_futura,1935312,478561,2b13719062287d417454908aa44fe7d2f9f18481
xc_future,8232970,3582743,ce2e41a4ca351691ed8fc66d9a8dde0551a494f5
xc_galaxy,8574679,2007673,cb515aeec2f0e809b856a24a2fca100fd3eb60e7
xc_getontop_v11,26256200,9190825,19f57d45ae4f5fdca7ebbe5901ebb766abfb3516
xc_ggizs1338,7903500,2324949,421892057ba071e1f1835db6ce244c18b25cbb8b
xc_grim,2030384,503896,f3273bdea1402aed267016d7597e1ddc2d066420
xc_haki,18834064,7093993,7b50a8c6572557cb11a1ebdeded4c320d5d5108f
xc_hellz,15165904,805153,31ee71ad6104fe10ba44021ecf61f7df169f4136
xc_hurt,3928860,709628,842ca7777d30f0bfa77f63b684f8bfad63dd20a5
xc_icefloes,4734156,866556,732787498aa22eb24c0e0b4af993f06bc7a83e10
xc_k2l,4338256,1097298,052e73e690c23b2a8c67332d0974ed7a75ed8db9
xc_karo2_v2,12222541,4273039,05b17eb8f527bd05ecc7d677286a455835093aa5
xc_klaradethar_beta_4rum,4157496,1382715,30e0e7f0a3ed0187489f077837cb025328b98383
xc_lj_by_goa,4221882,1508422,94e530fa3ad6133997f824d9b4e6f1dc99769e5e
xc_lost,5942784,1763668,c21d93c39d330e5ae24323fb4b1717d09e62207d
xc_lucid_fix,15915317,7772292,430c453ff6f41b3a7e4c833c4491193eff03ae92
xc_man_climber,7148584,360797,d73ec350565078f1ca510f123207792cc077ff97
xc_manclimb,8661320,2889331,97e6af761828f1afe5471542fc160c09eda8eaaa
xc_manclimb_fix,26898450,8976910,f87a63b84aebbaaf28ee67d1231a00c4f50d5ebb
xc_medium_v2,3816852,1437907,c01b1cbbb4afbf7099d7ca0cdc510aade605fa4d
xc_metal,7447204,1579655,4a7215f56182f17e631fdf228db19768ee3b5ea8
xc_minecraft,13242637,2806905,209b70d1ad0d2bfcd070761c85b7dead12894a51
xc_minecraft2_fix,13847198,3126221,186ff59187a01ca2b03bc3ad428e109edb69cf69
xc_minecraft3,23726034,6732018,8647e0f691642090d61750bceee327a579a5e00a
xc_minky,12394252,1110864,5fab346df3a6dbf256ced9743c19fd5261aa85c7
xc_nature,6241224,2393500,822d54817b711fc4dba99ca21fd2c44e81d15919
xc_natureb1ock,1609872,832248,0a5a8f3ab91182aec17e5f63c81b70fe44bc62ca
xc_natureblock,2483783,921512,b1ece5e47681d9fbde32d92294233528bbf361de
xc_natureblock_LJ_cut,1643844,871367,2b47dc943ecdddc3d3efd908aea0a6d5261fd589
xc_nephilim_fix,34998598,9814030,a7e7ff3308adfc36e8240353ebc27c163c164622
xc_nightmare_v2,18496068,5676668,24fd6c2c5595c8a00f67420a8bc3fbf76fd8d024
xc_nubcakes_beta2,3467223,794527,3317b4ab3a58d478bbb540a66cd449516ed79ffa
xc_obsidian,11050086,5068010,28be5b81d86832d213ca651fb30350c00ee63334
xc_paris,7423540,3271138,bb7e3d080e1d9df2aca7abf2e898f10d18af6450
xc_peak,9504693,3397538,ebb9d2394e2ddf6b22f66ca05e06e8cff8acf410
xc_pharaoh_v2,21528135,7825339,cd86671c9b4bed3edc8ee314c6d0696e1ef1a058
xc_piscine_final,7184623,3102276,a2ab2543d38de6ba3ba9a8058a4d11aae7c5f61a
xc_psykeeys_v2,11716232,2561711,8499b7cfc1daa561278828077bb2e68e36a3e162
xc_psykeeys_v3n,36883639,13778733,8ff5c9db24544c5bddff7013e53dca99a3ca2c7c
xc_psykeeys_v4,30912822,11447750,9971e1b11c07b200267d3d5d232cbb234b2ca095
xc_pyramid,9035977,3291003,c9f27c772abb1b80dd4ad6b23d7698d7f62289b4
xc_rat_bath_v3,10048488,4162879,e11657e8327fa83ebf69611590d14b8047492ed9
xc_rat_kit_v2,20584826,9143426,f921a6faa899f670348837626159bd6bc276edf5
xc_rig_final,16608476,748316,a6624c983f76c54431c4c3e6350baadad5ac7bb3
xc_robinson,39337230,14092976,8dfa1663a04f8ef95434879918a6f22433d90e62
xc_rockclimberz,5616688,2160037,08250cdf35d99807f482ac32071ba935013c3a66
xc_rq,12682316,3493453,19d7803be30caa21f8c79f90d6b7b037bba89513
xc_sanctuary,11883868,4393613,87125e289f279ffdde2988617a6248f04b46b0d1
xc_sanctuary2,40704056,15571805,0bd98bae9ffeaf52d9ea18085d2a98fde6c8a5f2
xc_secret_valley,36661394,10324264,3efe0062fbceeca5110573402afa7fb8b12e4ec5
xc_secret_valley_alpha,6414348,2438964,c514d1cddab4d8e63d6a7d4af1fb561976bad8c8
xc_sewers,11181536,4459129,ae38e32f06d367391f1b1eb530fe75b5a35c7411
xc_skycastle,10489446,4552184,caa15effa735cc102d51dc6dd1825a434acbc0b0
xc_skyparadise_v2,6514988,2218098,b8898fb55a456cd59e4d6e944f7f7f732c034ce6
xc_small_climb,1822700,418966,cfe28691f796316e7fe06510fe0a519644e22970
xc_spores,27545982,6119537,54217a9dd49e8dc1310162e4d85a96be660f186e
xc_temple,68411384,30025604,c01cd60117b64f3e98a3fb9d83c3df828c7fee4e
xc_tones,24184268,11046705,5142f4d51055f755f454fb280611687ea2d0c9bf
xc_tones_v2,43711021,18929481,7c182780b57fbdfa42da8f24d59054a1ce45838c
xc_toonrun,9654804,2972783,5a40f3ad3a6df0fece91f22fb484b114f12aabd0
xc_toonrun2,16306280,8833726,4e60e5efb64b2075d58db77d46a4a04ffb02be01
xc_toonrun3,11131769,3346946,911a8e7495316979bccf45c4748dba918ac748bd
xc_toughluck,2716332,863935,1495b4fd52f60bee5a26cce57c566ef208115079
xc_towers,14309075,5371883,df5d2b30facb53552d4544b2b521a882b85e509e
xc_tricky_betav1,699936,196669,ebd688a89e3f8fd697afb7a28d15d251936ab807
xc_tropiclimb,4273818,1310177,3a34946bc8dda7cd1a11c591899e3ccecfce4ff8
xc_twomountains,4009312,295325,88b1aad151eceabc9f0a2fdf3844039489b8c003
xc_umbrella3_css,114557149,47391374,c4f7633d2a439fa9939329738d3e09c4be6cf5c2
xc_unknownposition,14775272,7422799,e615aec0c0c8e3b31a813a77bade67e4f06237fb
xc_wallclimb_fix,2690504,796076,761ab62871ebd71a8e3a05abaeda737f749dd6f8
xc_water_color,6255925,1692481,e5141bf3bf367af0d589eef9c32f2224458d75f8
xc_water_light_blue,11823136,3758502,98867157299a8318903e9983644814d4968997ac
xc_waterleak_final,14418048,2389892,3b789dbead3b932ed5bb6e36527a34d0a89c1214
xc_waterworks,4731293,1722490,cb0a8d4f52ff30c989e1773807f05a89b385abec
xc_waterworks2,17014413,5866355,003f4a8476f8f831d5c8f2490938a68302491428
xc_wood_wall,770936,241485,77dd9e2823c1d90d6588b834a493358b1924a46f
xc_xand,8074588,3356116,e5f8f3d0d47129c9179eb8e45abddde185bdd4b9
xc_z-city_tamama_tree_v1,11787084,3849275,f7fa6a438cc0b2d85fed9262171821ea6954f739
xc_zx2_cg_wigbl0ck,6071468,2786265,1f2181120820cc28f38da1dc3f2a9cee8384f168
xc_zx2_climbers,5163456,2320972,6d9e58751a1021dd6d0f392a6abc955573a7e0c7
xc_zx2_pyramid_maze_b2,14783808,4175131,3bed62cd89dada7f4d9b2e02d3a0cfecda4ab5d4
xc_zx2_sandblock_v2,5303460,2389722,874b38381211f3296fa690639ec36ddbf17ce374
xw_666-medium,15096296,2341397,53e61ac0e14a10c37e0cefc333a5653034d9116f
