$2000$_azaza,7277632,1639496,a494df419f74ba05e68f8323c48779494273e9e2
aimers_hell,19531284,5309723,cd38e07b8cee30f06a44c6a6d9dcb254696d8a40
autobhop_spacebar_warrior,15925935,12526792,a9edbde95c0f087a44634d3df9281158a0f76d87
bh0p_de_pyramid_ukcs_b7,7348784,3243375,49942dde28c23eaf0a446d5e05275bc7ec65d978
bh0p_edgeparkour,67410696,22547441,d90e75cc893ad46f7b41cb8de735052b0f2f0165
bh0p_peachs_castle,10226278,4238836,e0ba59b75d538ab87395afb40133ba6402a30a5f
bhop_-1aaaaaflume,5977813,4087452,b99344829b2ba2e445bab06b0a2dc8ae708ce456
bhop_-4-,23976640,8195485,955672314e610b9a7a36da5b6fa205ea10cffb96
bhop_-easy-,109257004,94618819,c35032b7c8811e911b8965dbfc0f02e96a79e17b
bhop_0,103417304,52952311,1ae7c7edd48040b81f36e40faaa211459c90affa
bhop_0000,19148563,1413047,f8505b4942858003e3da1efb8ad3c701ffdc0ea1
bhop_0001,33124946,7623419,73a4486ac864fc21938590abe163ec29affa56ea
bhop_0002,40227683,2466208,2048645d3055bef564179d35930a7ea25fb54fd3
bhop_0003,17608777,6773310,5e7052596aba3e649e41f7913b161d8179ebfe31
bhop_002_silent_s,15074901,4569063,a225a3f0c92dde26f186cd73a7edb140bdee18cf
bhop_0_fix,103417304,52952311,1ae7c7edd48040b81f36e40faaa211459c90affa
bhop_0secondstrafemap,190568,15061,7e05ca64c730dbeb5b1d407751e4c7f584de544f
bhop_0wn_aoki,771348,114617,2948a7278659e954d2a4ad47de7b2c7b3d580520
bhop_101xp,165561695,129856584,854bc9f7ef29a51f351d1afb9f847fbf22b851aa
bhop_10aa,4316981,1100420,d8fc47aecc566769b5a6d02bb001869612b1dee4
bhop_10x_final,3514376,861163,21b79098aa38a169c4f0640a80fc4b5a3233693b
bhop_123123,172312,4159,27c42345051fcd6b8b381fb7c550c7d3db0196ec
bhop_123_css,19222547,5986244,e6d8a893f166679326562967a2d6432cea0aafef
bhop_123strafes_css,23457655,8514954,8bb74bcace6c26082a859f41a3b928d699e3a184
bhop_12xl_stairs,23520144,7440837,822f98bf9802ae5c8aa9a1fd40ed78d243439138
bhop_13,12399852,2667871,8218361090f535a0ded5a2cff5df4ce58c0c1d6f
bhop_15m,12891104,5054346,9efa65c508f985058e1eb1426b0735d534b5a80c
bhop_162,40626504,19848838,bcb24b17ec2ee820d660084fd2f32b224dfc49ae
bhop_16384,4797834,603002,55329813c8653ed813bb05c2c20ee271bac6d7ba
bhop_1n5an3,2538880,550992,f33756d2f7840d6858132dbdc041b109a37da5a5
bhop_1n5an3_fix,2538880,550992,f33756d2f7840d6858132dbdc041b109a37da5a5
bhop_1n5an3_hard,2185780,526304,ec37f272f144fa361084e9409c06efa5290d5d4a
bhop_1n5an3_harder,2033152,546179,034f3408647ec1a81160180dea5816ac276df36b
bhop_1st,3440684,587433,2d340e16a79735f435c696010228c1717a3adc87
bhop_2001_strafe,7489438,3736628,85a304c702a51c2c4bb16549fdc0f64245517291
bhop_2001_straif_beta,10970996,4675774,fd42933e60a6b240b2382ba15dda616ca042bbe9
bhop_2006isback_fix,4249698,897286,94eae3b2aef0dc92f1f54a311b49ce1d7e2174d8
bhop_2021_aux,10173274,4549473,0676db821d035935f4961a6fa591a0e2518f2144
bhop_24,11356222,4420052,fa36814b645222f3614e0457d9fa7707681fcd5b
bhop_24hrs,103760027,29878159,07d7f2b646ed6909f956769a9d9f68553ec58757
bhop_25,7709910,2217999,df79c3e033be04d468abf6ec8481f7c6f5efb46f
bhop_2_easy,1167956,93690,6ae65975c90d38d8d18c71fb46c5964c152ee9e4
bhop_2dingles1whale,3168901,862363,2ad0926987382b4c115aaffbdf96e4ce0ae5ec51
bhop_2easy,3382512,514860,3c8e3d83f69ecc96b163ca6514709128d6d80fac
bhop_2flocci2furious,103933081,73154475,cb9d181a51bc431f655326c2029eb60ce47deb81
bhop_2hrs,9615037,2353738,ba7099a7ae3b75c108f32503a2736cccfbdfcc2d
bhop_2muddz,28987618,5863481,5e6df30d5830548771ce5b7ba1e9dc298776c98c
bhop_2nd,6672308,202038,124bb942ad7fe927229220376c32d52cefe0514b
bhop_30m,6207465,2849643,2f185c365a34dddfe340a2812263966a6d6bd9fa
bhop_357_fix,217996,56139,76f8cac305241327cc4d371fcd4dadda066cbcc9
bhop_357_v1,7775770,4378880,4b6d26980dd617d449294be6215768814aba2459
bhop_3_easy,9540689,2193974,201e25846945e0233711af23b3cecaa1047d47af
bhop_3_worlds_v2,1942208,595988,639a4594f77a638c34a6cc032e6ca2def7054502
bhop_3d,4243493,939233,e5d026de25527687249c32e3eefbe75ed74154d1
bhop_3d_fix,4243493,939244,a6936a705f18f3a5a25832c4cef651951731c5c4
bhop_3dm,47019787,12560610,a6221df827c254e3725a1ff34e65fe37a9f45a1e
bhop_3muddz,58200984,10580279,fb3c1ed94d103f7575bb4f611c99e3e14fc8a2a6
bhop_404,273653604,89053305,021a2f72445d7f0c78581695ecdff5bee12ea094
bhop_406_fix,3345225,1402116,0ce3b9517318bd40f39de982678d7d555a807685
bhop_408,3990755,1666129,5d217e420544429df4b4f48af2385742cc0290d1
bhop_48,10300289,2766726,9ae43d73df1549f6c065a86313fa7a0565d5789e
bhop_48s,7802142,1580614,4f0df5448943ae8e49d3ce13a4b308df3104ff79
bhop_4U,63443779,18515509,dc76c8756f876637648587d3d34fa31d02c31e53
bhop_4_coffee,6069398,6093132,0c7238b128de1992785241192173d622e974db7e
bhop_4appa,50655620,16324415,c6c6344c8bd0e74c8deeac62c649ea6852ebf413
bhop_4azzlackz,58808772,12175749,6e42d22c3439ca92a19f7e3a1b4502d46ffb4e96
bhop_4colors,35213908,15933799,e1a92fb80692cf9ef10fdc235c19b73c854414d8
bhop_4ez_v1,1799204,607737,2f1aaebf1e060b53198d56d31db7c7f625e0d77e
bhop_4four,13184465,4887665,6ca1d59b6599919fac25651d103e1ca1bc70cd21
bhop_4juked,161880638,60353752,59c818506459d876ecd8a86cb34badf3ca2450b9
bhop_4loshadka,11362641,3827124,1cb7624093388ded226c8555458e1d9c48a7644c
bhop_4matan,70930045,13666042,43be145025f5a2ab6fa94c83d313bc0e4d356eaf
bhop_4muddz,89914717,18369698,1e8cbc6a4e318e021380c0a6c4bdaaaaac7a355b
bhop_4nairda,18184119,10055622,ba3fe54a57e8ea29619d49d04020e2b9f9b14199
bhop_4pilfkcab,97213839,27181573,09e5d8888ab97603500eda0d02a0c80764f2471b
bhop_4stations,1479556,253163,4280c5b092ca3610da5e89edbd3393a02e54ff89
bhop_4u_sheissebhop,2545872,947223,4d437ace90dc6554ccba4bd9e45739bd6d40a3cf
bhop_4way,119465852,55630921,4e42ef99d7355dfbc062274154c6062ce71c3183
bhop_4zub1k,17539144,1396784,89e67f61aa0ffbef4d17c0b066142031c212d27c
bhop_4zub1k_final_02,17539144,1396784,89e67f61aa0ffbef4d17c0b066142031c212d27c
bhop_56,179520,38940,c108123c13396a42bb6cb58b6f3781bced82bc4f
bhop_5evve,44425166,14055186,a8656f2c616c04fb61ce0fc75eeec903fdc94732
bhop_5rooms,33489079,9883122,3437cd62392ee03898c4c9c7feb92f3ccd7f9d79
bhop_611ssj,52437698,10031979,da0175ab5f695741508045a538e19f4dab6434ab
bhop_620s,10289850,2572501,a932b908363ed2a1a6814913014b6de451d7ce3d
bhop_64,1219960,324238,07a90e50256a197e251cc786756740e52e5b42aa
bhop_64_64s,16416777,2323052,2e8548c52ddbb0c8dac4437784c5e24ec6950287
bhop_64_ez,6498710,1397465,28369a990c0e68d09c18add40468a522d9823924
bhop_64_speedrun,3373800,1080869,19dd5891f9816db7085c821c3410fef16dee5590
bhop_64_v1,1219960,324238,07a90e50256a197e251cc786756740e52e5b42aa
bhop_64_v2,6042962,1666271,aa9576dea7db727ad3567acecc644a5fd76b17ec
bhop_64unit_v2,1619960,347913,cd55b9f23143f1dfe67f02be43d769c6b6a9bcc9
bhop_98sync,21381139,7215204,c936ea3bf257512881ee3955466752b6303d493c
bhop_AYESIR,87482543,48117654,ce1e98619da18c4aea94d1a96fa3fd9c610aa100
bhop_BlackBirds,13020747,2134634,5c2b62b6c83795dffe0f3481b5c9a3f7825ca4e0
bhop_a01_route_css,11605620,2580225,0f112fdd280b802e2581d94ac7cf146850dc51ec
bhop_a_shit_map,3672044,250627,0d8fbcebe6b7f39ed5285c7595259493eca4bf27
bhop_aadhua,29947075,6561421,8d5b32603470fb44a5d36af7df5f07663064a972
bhop_aallokko,10072932,10109086,0c2e82d295df5ec55d889e5e00d96bcd1198f5d2
bhop_aamu,22828023,8333535,752e7e63f9fd9db428b6e5a2aceeb918c870f87b
bhop_aamu2,103788646,28564552,83c78a69e4dc4498f5e41c8391fd62a81b5a4f73
bhop_aamu2_u1,103899477,28501721,6f90530624a15ee689b0fcab71df88b319913444
bhop_abandoned,3691252,1369285,6060ccf0031eb235b014953ac7af904c7e57808c
bhop_abandoned_fish,31429198,14214303,0dc05bd21dd07180320ff1fe5742b9430e615d94
bhop_abarcy_bhwc,47415224,12725411,abb814854160c83ccc1feb16971bdf51b83eb8b7
bhop_abby,22726652,6224538,dfd61b739bb51f6afc8509fe024c3e6e57927f24
bhop_abby_playjd,6125120,2378225,b5f82dba89579f832ad229b0496adff2f2bad33f
bhop_abird,107646369,57397900,a967723eefee92f9dfd375815580cff45a4006db
bhop_abivii,11746807,5373038,a13ea74bf85ab8c57bea9c147ccce370c7730d58
bhop_ablaze_dev1,5481844,1507795,46cc93c22b9b65db534f2bb762ed763fb56e71a3
bhop_abomination_v1,345168,90816,b8c421d4fd0f52274821bfb9ca8a990d27025103
bhop_abriller,49041146,23290537,799e108a9e73d6d593634b698da82b430426e9e7
bhop_absolutebhop_v3,11148088,4154284,e50afef5b2f81bbe0557b4f51b7f01d98813cd14
bhop_absolutebhop_v4,14613896,5427644,0cefc2aff70dbaa23bd63247869ccbda2c35b174
bhop_absolutely,137160900,49296623,e28cd3b0ee67e06f1b6e80da19ca1d4ffe665882
bhop_absolutely_foolish_css_fix,137160900,49296623,e28cd3b0ee67e06f1b6e80da19ca1d4ffe665882
bhop_abstract_winter,55489250,12367499,f986ee244f94944d8187b7f293867e0b42a787d1
bhop_abstractic,33465803,8323788,97ae6e3052177bcd4b45579161d48fef212eb018
bhop_abyss,305819670,182360890,638c97ea8f8bf35ab245141913c55860d1e43d83
bhop_abyss_fixed,305820141,182360130,a1da3245ee871bdf7a541abbcc0cbc5c8c131398
bhop_accelerate,33926524,4583562,20bdb9664db8b440c0e1bf1353cddcee309ca309
bhop_accelerate_alpha,11504732,3920873,b0c97316f1ab4d87dcdb1e529f5fb962413c671c
bhop_acino_css,6049602,1903083,94041557ebf65f33e4b680658604b5c209b1fcb2
bhop_acrobat_bridges,71743505,6053287,4ce2bf684fec07664543c7556a3755c32807f29a
bhop_activate_windows,107873576,12278961,68f58d02097d367640f5efe64d360175d65b79c4
bhop_adarkplace,69102328,7643920,5ffa0ad269cc153e82318f7454a08109f5a04d83
bhop_addict,35372590,15981610,132ca13a28b59825cb425d6eab663ea7ea6c7797
bhop_addict_v2,46640984,21204553,b478ae6798b8e118570909456757d7f5874ac537
bhop_addict_v2_3xl,44102624,18834323,61ed76c69f7b37f362b39244e81d980b122c12bc
bhop_adi_stonywoody,3718840,1973432,9cb807b539fbd9372848c026ed79deb96153a605
bhop_adifferenttest3,17360927,11319153,1114f19fc98668781bfa9506a8d412b2b876ee1f
bhop_admistourselves,21365819,4703962,3f45d526686f27ba7ddbba70407ee460a359236e
bhop_adventure_developercity_v1,54809548,17935621,426aaf075a77366cd5ff0f116a98b6cb44d33148
bhop_adventure_developercity_v11b,54809548,17935621,426aaf075a77366cd5ff0f116a98b6cb44d33148
bhop_adventure_final,5232420,1594950,6c5d85561c0637bb0afab2bd5a41edd6a571bdc6
bhop_adventure_final_cw,10087208,1625689,34c30916524c1053c580231122ce3cce37495a5d
bhop_adventure_v2,7747192,2179531,9c3ddc8d1a455717756cab18e2f61806055c4830
bhop_adventurous,35457600,16920294,3e60f468ddb82160d76b0a39db8e09b500fe5784
bhop_advi_fix,9811196,564254,a60bef3f2e0134f0a8df7effce05d2cdb9642241
bhop_advi_hard,9712292,550907,b1a2e46aa642f233a2828813449e247fe89ed5ec
bhop_advi_new,19171318,9452133,d97e8c6ccb0e8bfc89392edd6851c7e94b886fda
bhop_advi_supernova,20217122,9339486,aac663bf53d73be0f87cdda3632f661b8f8b0c47
bhop_advi_wood,10286268,632164,a04df09a4872524ee2f7b571ccc8de1e44c91a7f
bhop_aeria,9454610,4383501,e8827a5cfb4a5d2d11ce15eb3b16219d22be364f
bhop_aeryn,74532824,16467888,61cdf654494b42d339f2502a18763f3d421f9bd6
bhop_affliction,32198275,15838483,d4e465977dcd4ad8b8f23211dd620a8c8ed4964a
bhop_afor,12277050,2306774,c18f17d3147199989c67a7fcc454c2fbc1d66519
bhop_afsdgkhjl,25762223,148813,41dbe930ea3ce56c2a03ed8a78a2216e32fbe84e
bhop_afsdgkhjl_1,25762223,148813,41dbe930ea3ce56c2a03ed8a78a2216e32fbe84e
bhop_afsdgkhjl_2,2519114,816837,ee38f41f9cd2469267672c83cc0dad344202139f
bhop_afsdgkhjl_3,1320347,370683,ec10f958a1d77653c49145f02fac7b32d9f2683d
bhop_aggressive_b02,39881153,10387835,21d217a5e6ce1a8c2b87ec88ede66626b94f9338
bhop_agtricks,4244752,1951021,aa3228ff94a6eb1f8f5fab5ab8aeaf8a5f102485
bhop_agu_final,14620691,3087216,03b59c3241bc1e36b05fd92e235eb330f9ecce9f
bhop_agusha,3974228,924936,0cffc683452c7ba2c449e271689f0b772b2cca1b
bhop_ahimsa,8910101,3715046,b5bca6f18cff4ea531f3e1ab9a4ac2a34a16e21b
bhop_ahlie,7060229,3874086,b74345fc067d6e695d8d259329010aae227c5241
bhop_aightimafuhwityou_css,28069879,5014887,c889cab1f6380148275f2bf791db5e246e0a3018
bhop_aimer_v3,201738016,137214295,54c349a0d02a2f7a20aed3e4d9e5cdfe408b5aef
bhop_aimers_hell_mon,4439256,4451830,8b3ada3008ca392101b70c9f10b729664936a0d0
bhop_air,18785473,7176014,a35fee3b991cac911761e7f1b10c963feb470000
bhop_airflow_v2_fix,2322435,699362,8e130a03590bfba45102ad90b6322877901f8510
bhop_ajump,11619660,5904245,a335b1bb4185c2815b4b3254ef2ddff419d8c0f6
bhop_akame,5773788,2477626,76dd6926f605293770a7d8ab01175e5e2ba26d09
bhop_akaraisbad,18142159,6561427,81de79784bcd7f4356bf1b9143a1d7782cf0e47b
bhop_akb_tutorial,43141462,13252616,704ae13c7070709603c17d176ba621ded95b5603
bhop_akmal,17241286,2857720,87dabd5d0c81d25cd3552613bb896afb19f5c836
bhop_aks,17237265,7728781,28f99549013fe164d716fb6c498e53fb65d06767
bhop_ala_laupapa,36589376,10286404,c716a9706f8534f3174bc685b9c58fa60ed629c2
bhop_aladdin,74344625,21486789,7f0e93dc309ce20ae364ee2b9240296bbc42d458
bhop_alba,143965116,56416594,c54957c4c876e3c7c08a7525f7479e49b3efeaff
bhop_alexandria,4514201,833559,bee5010029513464f8d9bb29a24cb1f1d94b39cf
bhop_alexjones,31485631,5967016,6db6a2694c0dd36f1e5f8e4c1a6808a48ea2ec9b
bhop_algebradude,2379264,616959,a4eea19758a0adc691547d4ac169cb4b42a9b6e0
bhop_alice_css,16841299,5858610,925397bdb1fb885911426157c1f2f41c5041a901
bhop_alien_ruins_css,87574494,43843954,068537ae8fb134169506441817887551bb5cf2f8
bhop_alien_sewers_css,142831312,72006124,c7da84fda2a5cd4c560fcdb8c7b597a0a1bd5001
bhop_alley,1998200,606524,64473cbc3b36cc14025b4e4b44c7346a033f8909
bhop_allmap,8582916,1128869,1c95c0a62a84e2ce283513e503b58fc828115e25
bhop_alone,90320491,30694021,8ab773b7f6a3c6c9e575393001d13161d26be14b
bhop_aloof,51283796,18121215,ee2dbba98a035d32a3daa8b45a76ac2fecef3641
bhop_alos,2143546,174461,bf8ab440b5e1f69afbb536b961861e66f1daf587
bhop_alpharain,15872736,3485321,c47b8df1dbcda8a5ceb97d637f0af80becd13e31
bhop_alpine_v2,22987073,2962312,d219d42ab8177bfc070dc2c6dcb7513867ea47d1
bhop_alprazolam,66579408,20701017,25dee484fc8caad88dc6a7f93a21d575ba7f3e51
bhop_alt_jestas,5263638,1829431,b99d8b09843133ffbddf05e422c807b4732fc9e2
bhop_alt_joutsen,15708983,4923169,86a262ded2ae0520dad9356808d6c290a0142786
bhop_alt_kirves,44210183,5140320,a428060080a42c7ec065864e6dca8457afc72f85
bhop_alt_kuutio,20869997,10147839,81f4a783e11009439bca04e767d650204c1a7f27
bhop_alt_olohuone,43128583,5005447,6b2b2c386dd4e5802e8948277713e606edeeede2
bhop_alt_paskin,39150625,2399142,e127bf1a4fea1a3ea811f2f0b2faebdbadc51af4
bhop_alt_saimaa,29874227,13070711,72014d5bbf3d148b032ab405c692e29bcb7bedc7
bhop_alt_salmari,9062269,4171117,635d44e2d29c24f2bedab0b7dba3973f6c7327bc
bhop_alt_tammikuu,30005162,13281314,4ca88cc5bfff3df1334048759ad1e5c851904e54
bhop_alt_terassi,19861542,9003084,6f8327113e472f264b3e663907d7d7798740c33f
bhop_alt_univaje,20574198,8432224,a364eeb0a5c9d8bdb254536645780921cb11e7ca
bhop_alt_univaje_colorful,20811228,8841186,31e3e390ff98dc237bf8e97207c8678959680fee
bhop_alt_vaahtera,50405579,7741816,6e954409033fa16ed7a87f0a7db1a6bec9f06cce
bhop_altissia,61579222,16277069,72b6eb9221c207e967de8af0eba83cea8bedabf1
bhop_alurium_poc,4068724,1645333,aa6589c0fd8566eadd88ba933c45731237f2474e
bhop_alve,3852800,1108373,5d671dc6cbcd124c880084d7122ae465ac64c5de
bhop_alvo,19071229,4289880,1446d4fd746323b6bbf7980dd7b7e317a17cfda6
bhop_alvo2,39160914,10963832,18d78a69b76df12d3239c14e8c2c0293c669c27a
bhop_alvo_telehops,19042580,4270339,1a0f6c7024f6919d5354b3fde9b8ae7ab229f8c1
bhop_alwaystranslucent,15210084,2563288,dc397f4be06a34e1f312f17e78c9252bb30dede4
bhop_amalgam,30864737,8396949,0f456eda9b128acf025c841804c9ed88ce1c9d64
bhop_amaranthglow,20784688,7853776,700e89aa98e238e8e8dc4cbbcbe75f70452744f5
bhop_amazeing,26057350,17423711,b13e6c981329e9a3811adaa34b6e07498b3cae0b
bhop_amazin_v1,14604348,2212836,dd2b887081930aa3b8d7d2be1c6d9b26eb9f7176
bhop_ambance_fix3,8426523,1926315,6064959236099723224f8e1ffcf5944cc0e8c956
bhop_ambience,17529576,6515428,5aec33fd5b9a22707bcd84768f61c863c85c8f6a
bhop_ambience_fix_css,17529576,6515428,5aec33fd5b9a22707bcd84768f61c863c85c8f6a
bhop_ambience_fix_hdr,19921996,8146723,efdc48de37ec6e1dc7758134a46c42815d68b2ae
bhop_ambience_medge,45323015,12995759,4cbc57c843547f22e88449368bde267ef9862e36
bhop_ambience_remakeforanime,52860348,15255741,0443549435af7964708e0f0ad8aef7b4ba9afe22
bhop_ambiguity,58820219,12750963,faf38fa481d114e4f794a796f3dd0cfa3733092b
bhop_amethyst,3460730,1443085,91d3982b95f132dc98ebc6c27d4102581f1086f0
bhop_ametisti,14711508,4538082,ba8131bf498057290c39359e9152a1ce5b6fcb29
bhop_ametisti2,59476964,17787720,3a2d688a02a947044579200ee02e0617f3b5530e
bhop_amoebic,13269729,7182760,34613af6689e1111a6ce54b1cfba9d31a87b9611
bhop_amoebic_fix,12891646,5459367,f7f35b6fd78446590cdc3495ebea2d2dd5aa2ffc
bhop_amor,10818392,3284142,8ca841269409b6b460719dbaebdab9fb208d869f
bhop_ample,16945688,4441223,c881d84dd3c454b8edad59c9fbfa7746b98a290d
bhop_anaaws,21292783,9350569,99ad304a87900e78994529bdd7cf8a36a46f4ed6
bhop_ananas,64447880,40746014,cd137d463a2ad19d6827b6669e9e8e6d6aef24bf
bhop_ancient,24223957,8710455,6261a2e7067d1a5eecd3ab226cc85556fe6f401f
bhop_ancient_egypt,59991144,27391013,0f87291e0acde5f80dc465dd53678fb581133cb4
bhop_ancient_fix,24223957,8710455,6261a2e7067d1a5eecd3ab226cc85556fe6f401f
bhop_ancient_temple,89657655,35348696,d8ce3697e4a5ef2ce1274b92a30cbf17a9b11bf6
bhop_andromeda,44242179,16841823,3d7228523647ffc34fef7796428e68a54dcde97c
bhop_angkor,63000076,34125906,32b1c0a2f8cbcecd4686f55d27cba0d615084bc2
bhop_angst,64252397,64136874,5a5598dcb56c3ad1287a70041a11b4675a3d90f8
bhop_animal,15462980,2175296,e1608f0dc9245edaa967d0eab9f6f56b1423b3ab
bhop_anini,19328724,5311430,6693dbaed9017e4ea61a018e3ed452173caa97e5
bhop_ankha,20145270,20198550,9e15d3140ff9bc1f79a7ea9620a3070141028a2a
bhop_another20secstrafemap,4904174,2294114,e627a0213a4c9af54b6ff92193c3f6520d568db0
bhop_another_dimension,102178321,35543384,2af3fbed12448a752f034ed77d1f603c6b9d5b64
bhop_another_dimension_fix,101898150,36542812,2af7eacba27d5516807214465985df16e15bc307
bhop_anotherbhopmap,12854444,4142775,ec9f060c2fd6eadf1f8c7dce6113cde46f770966
bhop_anotherdevmap,21494985,7445059,2c8a3af4f5d662606c0d1e001bdd232cea2258cb
bhop_anotherstrafemap,3169501,1088578,214c9649600f126cafd9686ea140daa73a89bebf
bhop_ansluta,3546072,1606578,2275ad771a4cdc34f17066015b0ec74ed0a81d10
bhop_antediluvian,5775312,1067725,424fc931fd8e6137326c9947c149980477c73ece
bhop_anteedote,1043712,259715,dfba118a0ad7a34f7ba120a2cc051727089780b8
bhop_anteedote_v1,1043712,259715,dfba118a0ad7a34f7ba120a2cc051727089780b8
bhop_anteedote_v2,4877296,1962428,981ccd9fdc72c92546bb9e6864af8643a338cb05
bhop_antieuclid_v2,19997657,5528010,46415a5cc22ae503ef374883bfb323bdc36fb899
bhop_antiquity_final,4877735,1852752,e5c9c7786dc4ad546f46d95b0d7d10c1cea84cc1
bhop_antosha,19444957,19532000,396dd8b16c6516567b432386872214d12767e139
bhop_antosha_css,19444957,19532000,396dd8b16c6516567b432386872214d12767e139
bhop_antosha_twitch1,21894067,7658312,1bf530eae131871d72cb987bbbad0811f845d85e
bhop_anxiety,83384261,40161116,ddc001c03675edd92263a59264a475472ce0c668
bhop_anyyy,4578966,1564434,e059f9534e0079e2e549e485f2766e2caed564d9
bhop_aoki_final,13646412,4165534,a9905a9eb321dac400133e09ecdcbdfafda2ecf2
bhop_aoki_hard,8654632,1615652,9bc5e3fd938bf4d1ad9cf2bbc30ba5caa9bd6745
bhop_aoki_mp,13391346,4305427,88dceec4ca8f8ecc356eab6026dbd18c37f374e3
bhop_aow_1337,4452271,1686258,01ef189d5db244ad548e13563e961e7f0b48aed8
bhop_aow_2easy,5416193,2571498,3ea836e671e4be5d29d28104754d279897c1fd9b
bhop_aow_blackout,9428197,4303045,5bb98efa078c7f892b4bd7aeca4c524afa8fae0b
bhop_aow_whiteout,5946251,2243979,8a33a593ad2db9646f874518007a5ccadbecce4f
bhop_apathy,77445677,32615859,b605ece6b35a26982488dd2e6cfb91bdc0c5f9c2
bhop_aperture_beta,347383557,117429391,596626a6ea7046b37ba35d252a8c97297aec359c
bhop_aperture_labs_escape,2895099,980901,2db8ef5f685c4587a9282fe9c2d9ee68d4fbd65c
bhop_aphrodite,93645308,46842498,1243083544fb0f1d49b91c53ba07a2a3eeb42936
bhop_apocalypse,393521893,228870991,6804efaf5603e9b4499d0b5eb20b2e4ced8c548e
bhop_aportal,97747272,25290494,2ef8c829eeb2ef9b370cf468dfd5d88c69ce79f8
bhop_appa,24208136,8018881,fe8aa602988b50fec3eed68b70d6b6b859f86594
bhop_appa_fix,24208136,8018881,fe8aa602988b50fec3eed68b70d6b6b859f86594
bhop_appaisanagger,43998336,16005895,3a3c177675f54f5d350f94cb13585a26c06e7d84
bhop_appaisaniceman,40131368,10290164,d84ad59dc5bd5a6f8c9724cf2e226897cde9e2d9
bhop_appaisaniceman1,40131368,10290164,d84ad59dc5bd5a6f8c9724cf2e226897cde9e2d9
bhop_appaisaniceman2,79799372,20517445,1035f622c578d5105a77b369de2b613ba909ec71
bhop_appaisaniceman3,43173044,4944112,5d5f0a8c7d4aadd4b58384b2908a6d1b32683e64
bhop_appaisaniceman4,129734864,35077149,84004b1d58e7d4ad96be00fd91132707ff360cec
bhop_appaisaniceman_extended,73071379,18892169,eaa65aab05acd13774171ec26671c67ac070936e
bhop_appatop,49646709,6623878,b4fc27e7a39f9e9c2c564164d897da509dd9b667
bhop_appatop2,32379470,6183661,e60fcd1b5c01fa076c0e82c8a547faa7f4a30007
bhop_appatop3,8147340,2277855,b219de96a4f62e736f9ca87bcc39e116f708cdc2
bhop_appatop_fix,49646709,6623878,b4fc27e7a39f9e9c2c564164d897da509dd9b667
bhop_appriciate,43359740,17928315,9a7cc2df840708c94e04f8f28fe93138c33cbd19
bhop_apricity,67903089,35820807,87a02785a4b4c026584d058307bf202ae2837cd1
bhop_aquatic_v1,13880393,2238212,91f5b79808c250679940f171fb7055ac56ee96b0
bhop_araki,24941271,5223204,abb985100ba727fd9ac890c60f348d770c73f778
bhop_arblarg,67522892,3990815,a08766c81f2c2d114a2d640f3ee2378b7853341a
bhop_arc_simstre,2082804,629315,3b2b0d3ea2336a42350a40c6f8243dd6d3d94b45
bhop_arc_smth,6304495,680536,f638fb1310e0a496c3575a6420c13105a87e3262
bhop_arcane2_a06,120241496,63459662,f506cb744a060664b74a3b53c2ef1146294096cc
bhop_arcane_mom,33745595,33711569,bc23a04e7e73232ad4668c3e715ce16139e92760
bhop_arcane_v1,26085973,9117485,7ee3c9ec7550d6a9e9282b92534174f9d3926b6d
bhop_arcane_v2,96865100,40222778,f99ab65e2c1f033a6f98339fb6e8a4f1f7f2e599
bhop_archives_s,150714999,58641155,8735cad20a5bb6d41bfbe7eb32228b711be5f412
bhop_arctic_css,14496824,5220366,aca14916b42fbdccc9638024d59644adf7dd50d5
bhop_arcticbhop_final,3404338,1344975,bf8f4f23d1f30c0f8760fc321c71d0983d1665ae
bhop_arcturus,85398460,32384201,0b6bba1259c8603ce64a8dea8d5223960d112397
bhop_areaportal_v1,58871907,13559741,333e91f7dafbf95b038a636e468061d687776224
bhop_ares,5884694,820261,e831c8e57fbd33a07c7c723dc461a154b485d85f
bhop_arfsa,7704376,2895696,e2fb4a7abdef6c6c14eae52284c464f7eb14bd3c
bhop_arid,15628415,4034363,08a62133b67c8c5a3962395e7f2d005ae890475a
bhop_aroma,43407477,14947556,f37816613f9b2aadde86e500fe4bc42e339a2ac0
bhop_around,73825954,41578995,dc4e601ee18b49e8d40cf9d3cc9cf1a99c2a6150
bhop_arowmax,101136954,51096131,1fe76ebfbafa13d27e983816f5b6e1b738c575ed
bhop_artificial,30837727,12053878,1f55a2aaa59768b84d9ee910d0a18ca8e5e8cd08
bhop_as_hard_as_long,2630144,192646,ae7e521e1de58c18ad75921802a05363f978736b
bhop_as_hard_as_long_fix,2646404,344349,40951f4a8f9f49979c6406f0c3277c2804bb1e69
bhop_asiimov,9343552,2684998,8f1d776661dc0e698007975c57a945536bd986d5
bhop_asko,45300495,14390798,9a3ee25954589ad24bab7fbe78c0fb7982fcbf68
bhop_asko_fix,45300495,14390798,9a3ee25954589ad24bab7fbe78c0fb7982fcbf68
bhop_askowo,12906967,3783795,c0ce9dc270297404039014d3b8fc15c38446838c
bhop_aso_concrete,29242050,3589868,f61fe8382b2faf7754932b9106caf8aa486476d1
bhop_aso_grass,8853111,4004104,807f3b146bf7a3a5ca247cc561f5cc41ab7907fe
bhop_aso_sandy,7005662,3017402,186254146348ad92d200b9fd715976e87f52a6ef
bhop_assault_finished,7218665,3092388,e448a30437191ee77ae1eb67c3ede9c9521f8092
bhop_assault_fix,10332893,3523857,8739826cd441fcec06119130b843b823ba1c1d9f
bhop_asscrack,3335096,589123,97c85d64ad19566467a487957e7dc82f21519ee6
bhop_astara_fix,8349540,3488851,4563cd644543cb2f5c1de9df3b2438abc21a7d82
bhop_aste,14121593,4077530,8358583ae3fefda6e3a9f49001e861fc108d4c85
bhop_aste_fix,14121593,4077530,8358583ae3fefda6e3a9f49001e861fc108d4c85
bhop_aster,12971569,5312518,791445e103607f2327b5b3f00242806bab0f04bd
bhop_astra,41348267,12937874,2e6e74415148289f6a329d86102beed90e371874
bhop_astral,83135890,51119507,ffff1959da7b0ae0eaf225ff00ed883bad04bc80
bhop_asylum,48281558,31554989,1de167b3e4b31a29e095093161018f481da2637d
bhop_at_night,2194392,408320,960937273c0d379a349f3d35b340a908df91cfb5
bhop_atmosphere,65388968,14901320,7b2e713fb2a33f628040ecc6d315999d0d63f82f
bhop_atmospheric_fix,78516111,53169108,852f7a5a97eb6fe7eadf713b7dca395cb30b9eb1
bhop_atom,9939277,2753394,25cd707cabc6387475f42bf002e543a6cf67bcab
bhop_atom2,11371353,3578993,6087c8563c9be7f6627be28cf52551972d3eeec4
bhop_atom_fix,9939277,2753394,25cd707cabc6387475f42bf002e543a6cf67bcab
bhop_atrium,3964928,1189334,1895f628deabb9919072f46bf843673206ba8cb2
bhop_atrium_fix,4928317,1406197,ddb52b759ca913f1594c338c2f8b2534c0872acc
bhop_aura,13286060,3515812,19b16fa6bad2364202bb1486d4ae18cec6adc419
bhop_aurum,28373375,9749099,74d54944e30065fa5890c32be5cdd495a156321c
bhop_austere,54659112,26617914,0505c432c54e4fe71177b54d3aa8fe38e0d846cc
bhop_autism,34750777,16743394,3c2a9cee8b13e3eb2889abb64f50765e990e21be
bhop_autism_fix,36005915,17666065,f789bfd89b78f0f09528e233c085d7d62f2de87e
bhop_autism_fixed,35951544,17621316,14964a4a4e816c0d9fd27fc0a2fd46ec80dffc20
bhop_auto_nato_v2,14822181,1201446,2af751503e7f4f6893986de1340b6c2e6f4c2582
bhop_auto_omega,58133768,25031308,3ccc2a70626acb878e9ccf33349e09647bbe9cfe
bhop_autobadges,1336483,296735,7669854f2c92c797ac4d844f3e19493b043ff8cf
bhop_autodegr,9888410,2120177,2b0a8135b8d848a6b7c16a81be980dd2113fb866
bhop_aux_a10t4-31,11061252,2886182,bf5678a0a8918e7cbb031f489134c60f91e5fc8d
bhop_aux_a10t4-33,11801636,3083440,dbcc294092db722526a7b2fcb8c6522b37012484
bhop_aux_a11,9325844,1996797,dcd014222c600c1eea55c2b415c2a8e8effcafa9
bhop_aux_a9,50881414,17522671,f8d4ca1db030f2227c7581f227d441215dac109a
bhop_aux_level99,7541289,2382008,65cc3459ede95c99d3dfe28d544d1523d7588dec
bhop_aux_mini,46470719,18151724,620666055e27ffb568443c0a79fc4acb51b2ec28
bhop_avalanche,4459388,625407,ff812a6b6f3963098568af794f9b34b5418beec7
bhop_avantasia,60135678,28946174,0c059088e4e1eb5c373281c75d729741b6564af8
bhop_avantura_fixed,9060026,2545886,58babd32228217903cedec681ad8805c4b0ff0a2
bhop_aventus,2751931,1174369,239a3148499a4f470765a7b1a275ddd7208ce033
bhop_aventus1,2751931,1174369,239a3148499a4f470765a7b1a275ddd7208ce033
bhop_aventus_v2,14689026,5797039,fe626d66480d13936cb8e34f0ab942773350ac05
bhop_aventusstrafes,35253127,5664159,c55e31ddb70b7d48753cc5333c923df965bceb0e
bhop_aventusstrafestoomuchperjump,35253127,5664159,c55e31ddb70b7d48753cc5333c923df965bceb0e
bhop_average,1877860,713198,a4b688767b512de062739d362eb4b90be7abd90e
bhop_average_bhop_gbc,2198632,645874,a01b91548edb1e25dffdbdd922faa469e088bdff
bhop_averyez,593412,53324,763fa8aa24ec3a910aae801318b97afa2444e88e
bhop_aviate_v1_6,9282552,3349531,1f8e0d3a6b56362e59c085876b6a773ab0fb06c5
bhop_avloppet,28345808,7260153,06781de4b365f97880f567f640b811c8cad301e6
bhop_awake,1892272,499483,6ca8fbb508bda5302eb681e5387841148934833a
bhop_awful2,87163489,57690205,e5ef7903c56482642ff543c08bbda1d301dbcb52
bhop_awful2c,10660575,4544667,73198e5ed5bba4518048232e5da7d4924d8608f4
bhop_awful3,14230519,5913631,ff659a92d3861a9710edce0d27133873b6cd7f56
bhop_awotb,1278260,325209,a2457e0feb4686953d2f4a2650d046e48c73e8cd
bhop_awtop,6987461,1210174,255d7fccf2872e435b18f1f663b64560f0463e1c
bhop_awtop1,6987461,1210174,255d7fccf2872e435b18f1f663b64560f0463e1c
bhop_awtop10,20294562,3413328,f6da5dbb4f2d95f3a78e0dd50970294501c35b9e
bhop_awtop1_fix,6987461,1210174,255d7fccf2872e435b18f1f663b64560f0463e1c
bhop_awtop2,7536811,1348389,95439c585367861f4725546e47e52d1f82b0129e
bhop_awtop3,7586726,1397306,37b83e6ce334a129ef711c348f9a35b3398eae64
bhop_awtop4,9519484,1582522,e5ea315d4880dbd88b1b5a88831f1297dc7f5850
bhop_awtop5,8054659,1383651,f3249f69ac4424d52f47c928ef67735aafe2da8e
bhop_awtop6,9501829,1986178,c59e9d5f228f67429a07e1616d3231eb2c79f4a9
bhop_awtop7,7575926,1208755,3c6846068f7ed9c77438cd66c28d818afabecd93
bhop_awtop8,8543437,1579959,345945180a150740df5f56fabc2bc917ec72bd8f
bhop_awtop9,8241023,1407636,ee37e56743651a47ecdcb230a7636e98440526fb
bhop_awtop_final,61161405,9603617,cbfaa04535bb5674bd63a88c17f97b8eada7f53b
bhop_axel,1191156,197745,8c3ae4569174701ddf3f1f8c86c027e85c5a2da6
bhop_axn_ravine,54991141,15557141,7a8b319c151c60eb68fc591be49bd0a4d55219f5
bhop_axn_simple_v1,4879920,1302528,9081fe7b9b67eafb1435b5b2c4889cccb3bc901f
bhop_aziz,4493007,2409997,b02612f9550f01c5ea6352463a36b816789a7d51
bhop_aziz_v2,4584497,2452713,929a8be1d9f230f723ac32b40773375aaf8520e1
bhop_azone,8082501,1350037,f310edcaff1ab80c228dfeb975183c47a5196890
bhop_aztec,3766752,1066549,35471fe6e5602b095ab26f97c2f2195999170f8d
bhop_aztec_2017,10225582,2849609,17536f664eb8f07018b97dee2c1c1861eb876656
bhop_aztec_fixed,1618224,483469,57907a4371bbbea995dddc000b60e34b06081fcd
bhop_aztec_race,3141064,940306,64b8465cdb4f8b0ff5a93a64305b3a0922780840
bhop_aztec_strafe,4618031,635386,d806d22910b166b9c25cc2cf34e0f0092ee1ba14
bhop_aztec_v2,1625300,482826,39a13b3c78a60933c48283241f8edb163ff64c0d
bhop_aztec_x8,18851152,1696198,e67a3b49d014396f7d6c2b53bff72f65662e403f
bhop_azul,113215926,44824146,a344607f2cc764b36b3f7e4377a977ba59e62f52
bhop_b1h,1710455,493060,4f8bd9c851d13d0b75d829afbfae3ceab96babf5
bhop_babes,2518920,929324,9dc7d79cfbf8e20c6061744a89c554f6db86951d
bhop_babes_re,2079542,983365,be740f9e6925eb358b8eb1ad18355b884e3247de
bhop_babyblue_v1,84160237,16516849,a2a2e369e7f012327513e24e1b84d2efebbcace8
bhop_bacho_css,24230654,13899784,5e7c0f5a56180339fe7b29267950035a32c2bc1b
bhop_back_to_2009,1205095,99618,3983aaa43403cda64b760c09d74f94e30f2013ce
bhop_back_to_2009_fix,1525952,554326,bbf125a16c39dc9182c8cc80600c5a1949effcfa
bhop_backens_v1,3768848,584168,92faff11eb70f3199a1210d57d03545ea7304c43
bhop_backport_css,3092788,1655421,dba1d15d3fb7322845481ad7a5a0fcac396c6ba0
bhop_backstreet,10691218,2415514,a14da03f9de2150aa35eafee3280ee5189bb3f31
bhop_backstreet_reversed,12072399,3237696,3ba8592519154f8142f8c6d94ebfe7e1698c3c9f
bhop_badges,96409924,70446127,f698fd3d702567d250af541d81e7488d6abf4de3
bhop_badges2,156609779,64701296,2f734be4595a0ed825938cdfaef06c85aaac29dc
bhop_badges_ausbhop,24587663,6289642,346c24d189e1340717667f61404de3070efd5dac
bhop_badges_ez,94898472,69927728,bcbaf181b50d1cc5a08e6655fb0587dc70af9f24
bhop_badges_fix,96409924,70446127,f698fd3d702567d250af541d81e7488d6abf4de3
bhop_badges_hard_lj,29547802,5493024,b2e1c6cca24ca0c7f199f1f82d58d318c845d79c
bhop_badges_mini,63512040,20551243,9b852115226bb65eceaa32fdf79a63df14396718
bhop_badges_stupidmap,14525542,3468251,222849a802509f8ef92ad130240672170fe3daf5
bhop_badges_v2,5107452,1005013,e6fa4961625c8043ca69405c7421d9f0113bfd8f
bhop_badly_css,32717436,7559805,c60060806445cbf1d2b6f39ca5ac0b00601b7b82
bhop_baguette,4612140,2081427,5eeb04cb6329086d66148b46091c89682751adad
bhop_bakerinokoxleb,152052043,47335965,3ef46a7407821b54a124c1d7f20ed64a8c41988b
bhop_ballistic,30153268,16120696,8d73231595be7104a233609f3702dac4e0e85397
bhop_baltimoron_beta_v1,6255748,1275365,a56eaf9191f5d6fd289b4cbe661ea994a55bc22b
bhop_baltimoron_beta_v2,9718659,2668235,e59dc52cc88e37439d9914db70d923d806edaf4c
bhop_bananas_fixed,3265660,727670,f72071d2785931d7bc4d6a75f868fb765561f8c9
bhop_bananas_grave,5895849,2428431,75882cd3b56161afe7aa35cd3b36775f7092c571
bhop_baper_gup,21941095,7856407,5e94a28b1c62f87c08b89946d69d69079aabccda
bhop_barry_pepega,70420383,36287171,b51640189bff724d1fe95a71b6918f3c6f9c0bd9
bhop_basic,3148632,453886,aef69e5664e671c0314798039719c2c58e21d050
bhop_bathhouse,63942635,25627584,edec33cdb559bddc8f73ba034b5890da12bcc385
bhop_beach,10598660,689463,f916433b7c2ca9d9c986f1dd32a121d49cb69cb4
bhop_beach_fix,16318824,2298886,57d327f9d5b49b34e3fd489af2e22b386a3e1c92
bhop_beachpanic_v1_2,36446048,8045362,ffda4b31f9fe61d700c5101f05c3a1a0cd3f5252
bhop_beam,2415956,1008783,b900ca69a72ef59f4319365b3cafef05ef0b384c
bhop_beans_v2,9087012,1372669,b2198a16ca9ab547c906c400a62a1360b9e6da75
bhop_beautiful,9954908,2789343,6d7c53ed90d4e3acf4dbc046f2be3567d5faaf24
bhop_beautiful_fix,9954908,2789343,6d7c53ed90d4e3acf4dbc046f2be3567d5faaf24
bhop_beautiful_weather,5966500,2193249,263f92b32d1af25a54f074b2ee96e9f6778750f7
bhop_bedtime,31884009,2634458,39069c1608dcee6f06b507f6db06962d496c055d
bhop_beginner_canyon_css,4888385,2531957,0b12dab0fa528f48dc22d5531a4b6b0508bf3967
bhop_beginner_castle,20822988,6476758,351eb701d4dbf8a8e3961c32e79a63083e55bc81
bhop_behemoth,39023420,11238419,4025d5fa87768eb46d3f3ad0f7e3be39c1377edc
bhop_behomeby10,33594513,11465070,04be748bc4c0c21d15c6edfbe91de1decb3db6a9
bhop_behomeby11,48571383,17823734,2b41d879132c917df28aa622cdf824d4d8e4920c
bhop_believe,53373741,25370188,6f2cf441c9d085a918941a95dd12b6a466d83d82
bhop_belkapeace,8661852,3472212,7df623f873adc57c00ce33d10bfa842610d4661b
bhop_benchmark,126778012,53275101,9d951d7012608febb7e589065670d6ed53744c56
bhop_benchmarked,109318023,49722018,4c5760ac8fdb44b33ff6f8921190f95e9f4e95cc
bhop_benchpressed,65643176,65874545,5a838d84669f7b7ffc482cd457163d1fee575ddc
bhop_beollao,34582911,18143270,8ccb0a5996bfddbb619c9dfb71497a3445cc48c7
bhop_bepis2,21009046,4107405,6cd722a8e160a14acf77a2f5d9a99998bfc09757
bhop_bestmap,17368884,7791365,2020a207ea5471a2ba3b839f4f35ac16507459bc
bhop_bestmapever,359972,18898,3555fcf1769ee0ef74c33ae2b7d6e20af3f05711
bhop_beszaras,7007531,1182302,4067338cae3d8880278ea94840a2d05cdee2efc2
bhop_beyond_fix,134727217,88439229,198fa6567c5ec5a98e08a845e71ba9a4464c01f4
bhop_bfur,11469358,2692750,54244e5ef11723ed86744119d4633d95a49a53be
bhop_bfur2,13198504,2649069,ca1d8a231a348c07695ff977e2d59d1308ea9d0e
bhop_bfur3,3804792,547891,63563e8ce572d8685f3e1a05ed8f9ab5906acd7a
bhop_bfur_2007edition,1631796,45947,a370e57ac3c5fcbb0cf1247229a38c0fd2c7078c
bhop_bfur_alticiscute,100440833,33451501,def3995a2b0c714d4ef758287ad8e1e68134841d
bhop_bfur_beta,12328856,2928053,37b7fe8352e5609b41e9dd37ca22ca54e6216856
bhop_bfur_fix,11469358,2692750,54244e5ef11723ed86744119d4633d95a49a53be
bhop_bfur_halloween,53320682,15821608,9bb30c62f33565803305ab1961b0d339a54209b8
bhop_bfur_lj,5992303,626253,b4a97cd184af2ea0b9da130299eede40f88e89cc
bhop_bfur_mini,11000779,2614018,3fe13c02bf6aef7c17465114ca8a6ebaff6ba011
bhop_bfur_retextured,16625387,5042693,af1d03213d7bccc9b5747eecec06c06aca5244f5
bhop_bhigg,1743036,696614,5fce2c188c58745758baa6e9f2ad3d96ddf653fc
bhop_bhop,16842200,2488180,f8cd8946e854cd6c1123741adedf89780bc2655a
bhop_bhop1,16842200,2488180,f8cd8946e854cd6c1123741adedf89780bc2655a
bhop_bhop2,51824614,9457664,fbb4d0a27c3143e9c545a7af0fd26dbf371c7e04
bhop_bhop2school,3711767,233439,815c1fe0ff79f87d16d84746bdc72430721015a2
bhop_bhop3,7901005,1548452,d1c8fe40bc158c8ea503ce50c9ec97f1e2ab71ba
bhop_bhop4_css,28507642,9981752,208a0f43b102a1928ade34d10fc11de28dded26d
bhop_bhop5_css,11616927,3935432,f9cb29ca0184354d7042f0e2349861e98ab229e1
bhop_bhop6_css,36864019,8906659,1af35c6a5303e2d07dee728474cbcd519be2b3d3
bhop_bhop_myyxtreme,12402524,7746224,8682c586e39707925b08a4c040bf08138ebfc2b6
bhop_bianca_marie,8723581,5603148,3d6edbfc4e576cea94b5b7bece2b9bfe5bc8d87b
bhop_biff,36392454,10839361,2482093d45fc3e1ee2bad90e46cb2ee435e903dd
bhop_biff_hyper,48000952,10057986,f370f24753471c64137a6afda2511b7271231c86
bhop_bigger_lizard,7990552,2679525,89cdf46bad929bdb45d60d195461f07291eff0cd
bhop_bigpro,933328,249943,90dc0301d23261b368e0bbecb455f1b4c319a5ac
bhop_bigshorts2,35054953,8856310,a2f80a8b1b2d7782827ce93e2b8f75bd64f65b72
bhop_bihopfun,206399112,112872727,b54a82123ab165654f5a18ecb698940a95cad6ca
bhop_bihopfun2,287856863,288881212,a34cd13435c078cd55cd2a8ea1b6061c610b055b
bhop_bingle,13047850,797181,af7a669ed7919bf92cda2f82bb00b07645d21056
bhop_bipolar,12511974,2527157,1625815ff82a135bcc243e5096a1d739c735f67a
bhop_birogl_fly,71335120,30602584,3ec3529230851163cd169b71eb5bc42f94be6f51
bhop_bistro_1,26730759,5204679,5e1369974459ba36d90f5f339be80b6dbd884899
bhop_bistro_2,29028614,8156676,b1f9f646a2639b18a9cb454ce894c9e03c0a6f53
bhop_bistro_3,12889379,1695481,8d6e263b4af360f3f29e338c15cf06eebcc850bd
bhop_bistro_4,107763648,10466828,d995c59abd83867b2530669bab2d622d37a55334
bhop_bit,16913813,2806950,19e62976e0d0368e8169c52b5323daa7893071b6
bhop_bitches_fix,18122895,10212566,d786fe01a531c8039f078f8620c4e0006acab46a
bhop_bitches_tin,18121139,10213322,698d3574e25258f65de62c81ae024d1bbeda6adf
bhop_bjump,13353377,6745490,90a3c17a01b6eaccb06d8de8054f00c721009bac
bhop_bkz_aztecbhop,5692474,2278662,0216fcbcf1f0f54f4a934a9ef982dbdd8494d84d
bhop_bkz_goldbhop,6149750,1802208,46e1c0859f6d6e8d49c2781f07e1559f913a6620
bhop_bkz_goldbhop_strafe,11632842,2905238,01532e09436864444dfa68ee57dc9a29bf241e12
bhop_bl_bram_v12,43803395,24142127,378a7fadce521c8fa5a63b07deda6417c2706bd8
bhop_blackfoot_v2,2610416,570704,e280318345fa472fb0358bfa3078a70951411c4b
bhop_blackglow,19067166,6035007,ee7aab8e62b573004a4d79db8044569d3df2159f
bhop_blacknred_v6,10124323,3066904,0f27bbb2dec24d036235f75666f872d40d5f6a98
bhop_blacknwhite,1179672,289871,53e7ca054af54a205496816f40d23dcdee15d247
bhop_blackout,2701948,268916,76d20817747885cd5cd71b1520992a867f2d1f86
bhop_blackrockshooter,23234114,6411596,8f10d8195f335f1749d909b4165f85c30233acb3
bhop_blackshit,2391960,620804,633f41c4cfb701cc1006208d08fd7ba8febe98c4
bhop_blacktop_fix,24128418,12970209,1d5c719c3775292b17172d84e52c73a387493fbd
bhop_blankbody,14674971,1232749,b50bdc2b086dbb147e8cdf6b0216afec645f028d
bhop_blend,80730604,42532975,18b11b7d5c8690e166b8b2fe6785cf842db54eab
bhop_blend_v2,122509667,72484093,b565b11ae4635c55993431544e430f3fd19036a2
bhop_blendie,114811568,68398626,8be7ed9daa6ebb061936a030054e12271c10970d
bhop_bless,5048784,1827912,53742ebd069de7d893a9b0dc7c1c5d0f2c07ca88
bhop_bliss,47771848,35686984,f81c7a68eeea49029317bcca5ae9a9d951ff3b93
bhop_bliss2,17904584,5221300,7035d9d8812a357cbf9c561363cf48a9bcb83c9f
bhop_bliss_v1,49556693,35763604,2bc4c6583add770c61db7c5f8f1b1c297ba71dc9
bhop_bloc,14568608,5435196,6606beab74a3ca72246ea7fb94e95dc4a77876ec
bhop_bloc_fix,14568608,5435196,6606beab74a3ca72246ea7fb94e95dc4a77876ec
bhop_blocker,12788809,6138628,242b040c9fb182e4eea5ad5235722ed7d6e5a0ee
bhop_blocks,2655601,700720,51dfc8f409d5174b45882d1048cc0371045254e5
bhop_blockworld2,21352822,8348133,1b94312d742576e29488fec18f4c24373b6fd6c1
bhop_blockyashell,1831612,500626,a1c1774e1b6523f5d7a5ebc9e842ebfe1c27191b
bhop_blockyhills_pak,16044128,6443415,d535ea06a78986ca954c805dad65226e68dca4bc
bhop_bloclean,12587197,5224244,5a28ab5e82f618285c5e9cc5d4da7ca63657cf78
bhop_bloodflow,64777840,12538620,9f51d645bbfbd14914271e25e523ceb3f9db93e6
bhop_bloody,2437557,1250885,80e214c3520159ecc5b1614770f322002bb0262c
bhop_blossom,63145581,34267387,e56fd348bcb2131b6e9f2c3c62e1e9e720a9436b
bhop_blossom2,93236906,54034911,5126a3f20ffc788698c79f7ff365ee23932548f0
bhop_blublock,7375367,2909499,66ae4743deab05fd65d7cf1828a360fe88447132
bhop_bludzee,16779664,5688307,746682e0674ab4d211c7f87653ef58599fa7257e
bhop_blue,2330363,379900,76a172edbcffb082ff8aa1e5e30235f0ead23a42
bhop_blue_abstract,17871052,6377146,8e810909f212ae0ba9a153cea4221c74d32239d8
bhop_blue_abstract_test_v1,10693540,3727636,ee5533940f086d2cc0bc20e057f1cf578c465b8e
bhop_blue_aux,2958616,1101130,6cd4df7fb6c0e9a3b80d3da5eb2ecfacb58054d7
bhop_blue_fix,2330363,379900,76a172edbcffb082ff8aa1e5e30235f0ead23a42
bhop_blue_platforms,11799003,5344814,4e578faf1ae91ebc17471842fe836742cd91b595
bhop_blue_shade,18993356,6720675,024e5aa328d821d502208d66d6c4490d11c564cb
bhop_blue_shade_fix,11458328,4050281,00ba0dd3501d2c77ffc642448c2fef5803c48441
bhop_blue_shade_fix2,20417586,7567581,f91fc8e1bacc70493c03012fd039625324eb2690
bhop_blueblocks,13718542,2424293,688aa128bead11a08669d893e897e620a72ea346
bhop_bluedun,36823274,13260557,c6d77bf25be7c9573708194af69ceb536b4c1a34
bhop_blueglow,15096260,4930079,034e63733c614c659b87539b6e264ac372f63501
bhop_bluerace,12960370,4166783,00785f3374da0bc6bf0eaca88bdc8fe2a178f1da
bhop_blueshit,9481870,3255929,287aa2f903cc7a7d95054f5fbff4e0fb7639b9fb
bhop_boatylicious,13268400,3476021,3a8111af21a53f0734590c620006439b0ba3e6a9
bhop_bob,17589785,8804173,cf36c2f73bc4bdd80f8f04bafaf4686afe327ae5
bhop_bob_v1,16639849,8631630,efc667a40043f940e8433df6e13d7da675b7f2d7
bhop_bob_v1_fix,12355288,4906379,f08f3957a53a0fa5d6b5459dbbfb94d6276235aa
bhop_bobahop,6207009,2120059,b516e7a0dc104deaa59cda2107df02adec16e433
bhop_bobahop_fix,6207009,2120059,b516e7a0dc104deaa59cda2107df02adec16e433
bhop_bobop,10369296,4809830,7b8a32c69acd7052f0e30c73d75e88c0a409da93
bhop_bocha,137279376,85149502,a00186841f3cccd03cf0ec97308e752bf386a92e
bhop_bocha_v1,19583494,5029283,048f92f7082a7d62fb2cb7aaf4c4c7b399286463
bhop_bochadick,74276219,28838655,397ba3eb1089c28d8eca0e310421b02e06e08b76
bhop_boeuf_bourguignon,47710103,13448674,ca2d2a79378cb6714db25f14a2256473ca1fdc62
bhop_bon_fix,9150801,2036566,683aa8b95beb56ea5119cb9b09cf4363b08e2b9d
bhop_boobers_css,40428588,4787441,5da8d587c09348e548e9b6d77a4d2c3c14925699
bhop_boopsnow_css,23863317,6426348,0314f38a092e3a800b191b1859f98d2ee6b6edbe
bhop_boostedgaten,30464724,6059153,b03d1490e457a98be18a8bad55c1d6dc88dbace7
bhop_boredom,39131440,8108268,df29bed48319073c096fa553a53c9f8a0f2a8e13
bhop_boredom_fix,33110480,5906991,0bd8e1de8d88694a4e32b9f86ea5a9d3f26e3ea4
bhop_boulder,71526326,30853328,678f563b8b0f63be3833e188409a890242b33420
bhop_bowserroad_final,4579287,1216331,17439bfcc09a29999c342a89671a4a5528be181b
bhop_bowserroad_v6,15086557,8144689,f4771c20c6b448ae6dd7c09c993a79747fc4a56b
bhop_boxes_snowy,8677592,4361311,1391c207ac4be845f748e730170cf6556f4c0eed
bhop_boyzaplaytest2,35054953,8856310,a2f80a8b1b2d7782827ce93e2b8f75bd64f65b72
bhop_bozzhop_v1,3279784,744140,5a7470c9735845df6e676ba72c9f375ff6e5b015
bhop_br_vacation,52232217,18193430,9efe5e23c81b552a086438b06e550bf5b5de686a
bhop_bram_halloween,82877727,32318955,d1fb0e5ed5b090060ccf69639dfbbf10b7f250bc
bhop_brax,36536733,15752787,b86e636cab05dfa8b36c29f430e789a2231c1c5b
bhop_breath,26328432,4253430,20fd8159cc893e6d54805625b02fb003235b2f49
bhop_brevis,2865780,840148,211b0ffcd4e837782f3103864e10b55848f5d389
bhop_bri_ish,30944386,6578886,09c7cd30ee82d4cfb50370d0868260e2e5bf8bf3
bhop_brick,800029,271684,140ce2e20c5e82bcac0bca8c03a70041e3ba6e3e
bhop_brinkoftime,58692461,37409505,0ad53a249adb6d41cef44d23557ebcde19b2d67f
bhop_brinkoftime_v2,29460144,15110051,13655933099c07f3036bdd161082840c297631b8
bhop_brodderlands,185617008,88569050,f88249a564ac315f104fe211787915403b9cd90e
bhop_brodinski,39617480,14080074,5ab255bfbc16f84598bbf0c9d963bea1cad057c2
bhop_broken_dock,30365911,7436073,6196b53392c4f0e4853695352acbbdb748b5d0c2
bhop_bubblegum,53823516,15006369,471757ce2dc54fe977802b23231cd0bc3f5bd909
bhop_bug100,57836495,11889372,85abf3b674fa404aed03e09f48427d6e0350255c
bhop_bug100_1st,57836495,11889372,85abf3b674fa404aed03e09f48427d6e0350255c
bhop_bug100_2nd,41248319,12786742,f38de7c5657e15fb8704f29d56b283b7e10e4206
bhop_bugga,62858685,20364807,b0fe7656565b4bf3e269f5675d30a695dd3ab704
bhop_bulletproof_v2,5709534,1005610,a318108e55897ba45ffb96e9935347cb8eda0882
bhop_bung,6372217,1203015,5004d9788eef524f2afb72ff20feb2b050b3c3be
bhop_bung_fix,6379035,1202827,f5fe256318854f201e7d5a90df904130dc7ebf8a
bhop_bunker,45791875,13999936,3f92672484f7c0216ab3a62a89063ffdbdc125d0
bhop_bunker2,30465489,13782246,96d4958cc60dd69380520e46b384d541725ded8d
bhop_bunker_fix,45791875,13999936,3f92672484f7c0216ab3a62a89063ffdbdc125d0
bhop_bunnyhop,1615108,692090,72bb85cb16241d0ed3c839854194ec7ee8697d50
bhop_bunnyhop_pro,5469656,747934,97be07d4b2a66ccb233269b57b5eaf062654d592
bhop_bunnyhop_pro_reworked,6478768,928537,0a9bb0992b25da84da2680e341a8c7791964d308
bhop_burning,17945300,13848092,f6aa0207261eb951d17b2b720e745a2d1f414a6c
bhop_burp,14359284,3561863,b173bb33b627d1076ab18a4b9433c9c0776ad1d1
bhop_bw,5790898,1097319,391f4c0d562b3f29872edf718bbb33eb658e86b3
bhop_byowl,374860,41217,c410e1cff4d3464dd0250e4629d1dd17cfd99c22
bhop_byrem2,50177904,13974650,c9464614c274971a66aca6ed4a1a3140de5b65e4
bhop_byrem_css,78350183,26660058,e746374efc17a6d5fadf815634748881da5e58c0
bhop_cabinwithsomewood,42559485,20140021,20a7c94cc83736a9db512117493e7c7d9f5594ba
bhop_cadillac,3215004,1267614,5007209ba868f5e0ab741ff6d34c6de50320f0a8
bhop_cadpastiche,17885641,10415767,ba83e4d44b6573b76615a946be910d01acafd084
bhop_caillou,2262356,122173,63e03249912c07299bfb0e7f771824b360aba8ef
bhop_caliss,58509155,37746103,3035f593262cff79f00a241a51440f7d51ba26f9
bhop_calm_fix,10038247,2662767,301220e7b7e2ccb8fe4bb62da7fcc987b2332d97
bhop_calming,47679468,8391015,34a6c11a3a8e155d33c41a904b4e4b849146a88e
bhop_calycate,88438241,26557859,a22314d925233fe62cc48d8870f8e09466c52ded
bhop_canals_12_d,22425605,7537850,1e4545ef817179b7504803f75cb6deaa681e6d3d
bhop_cancer_1,3525594,87173,e7abb8fd22dd053080595af63046e28e17b5df48
bhop_cancer_10,4373430,542642,259a24e2a189c1def46b79f576708afd019e4247
bhop_cancer_11,5747133,546321,17d6343dce263ad1bbd200a437937a08e750e71f
bhop_cancer_12,4487431,582711,a747cc61a17ec7a6376b300f250ee14997079fec
bhop_cancer_14,5823179,562933,a4969a75cd269095f785582eefd4e77981ab9add
bhop_cancer_15,5145793,214021,77d0d67537c8cc6700ea6f988e35bf6689889b46
bhop_cancer_16,4428769,213344,87ce49a3df14e3aba6987a0d8ca1bdbababad973
bhop_cancer_17,4402602,194926,aee646c7a50d89e132b87c899d273a0f26ae24d1
bhop_cancer_18,4307500,163515,965e98d3022b52252cb7cea5c9bbcf8dbeaa9536
bhop_cancer_19,4509293,219221,f85b4667c5bec22fb39e5369ba43a7007ffa2f0e
bhop_cancer_2,4867279,564529,dbb6c2e115d67dbf395ba9fd7f70d7d8aec768ee
bhop_cancer_20,4509293,219429,051faaf4c542a2328a35cfd81806eafcb6edab7b
bhop_cancer_4,4148160,353475,d59bce38a8c3d1d38a24ae5bfb0cb0fa4bd4ec90
bhop_cancer_5,4684138,245790,b19157f7dd0ceb49cb0657cc9038aa586408b6fa
bhop_cancer_6,4095753,322451,a151bbaf1dd0b7dca123011cdd27fce20ee3041b
bhop_cancer_7,4445442,176146,94291917830365de794f707b8b3e81bbcf74d568
bhop_cancer_8,4170320,373783,9fdb96220101eff9ef77106486c50063392f8e73
bhop_cancer_9,5166695,202894,c6b3a921f728e5e4da05962c05774ce5b23ee106
bhop_candy,40508869,22549328,79a8f89c47759c42aef9d7e71846239bde19d4af
bhop_candy_css,7546018,1126187,156acaf3f658f2200da511c3eb27620f87b7b12b
bhop_cansandgutters,3690972,78038,2e475c4b86575e6eeac4731be9671009e52da0bd
bhop_canyon_fix,84664114,62474557,464bbc2ba688955a936950efa5a9157906be0e80
bhop_canyonbhop,2956200,962509,21045d25ceb1f3bf9ec31270654acc7b414189ad
bhop_canyonremake,13130728,3203530,6d2909dec340b3f04108bf3961e3fad6bcebbfff
bhop_caps,14097812,3173711,b35c9b6fa29abf19fdaf8afb104a06036843567f
bhop_caps_v2,29657050,5250770,a6439fcbbe1e106bb266ba85591ad59789a25bc5
bhop_caramelldansen,21853384,10291837,bb8522dc9f3a3c81fd8ab330bbef680b7dfac57f
bhop_cardsdownlol,23275865,9652127,9728ad2cc244451530ad7fced99ec1db43bfbc34
bhop_carnifex,2710960,610354,6256fa5c99a52caf478d5581ef29c08097035ddb
bhop_carotte_fix,17854385,2446709,47a7fbd9fa2539e35656938753efdf9cb12d7eff
bhop_carotte_fix_sof,18640908,1896813,ec844a70bdef1444225fdbd2dc9d948d1679e47c
bhop_cartoons,19610576,7852362,08648d57957f3287c8c0385bcb85157815137495
bhop_cartoony,8319055,5296210,3b9832ef935aad0f2135485fec5fc01ab7fa3134
bhop_cartre_css,12148648,12133116,f8655f314690da36e74ceef7f9c64f549c7d4fdc
bhop_castle,7444642,1276183,5fd74f2395604eeb611456b7286663ff3854dbf4
bhop_castle_fix,7444642,1276183,5fd74f2395604eeb611456b7286663ff3854dbf4
bhop_castlerg,6795988,6817051,dff75cf0221be78ba30938dd17b93e0f63c364c0
bhop_castletown,3136480,1473296,34e418ca97564a84b6d91c636182e1b3117e9aa1
bhop_catalyst,184395492,116106184,12cdb629ca9f5571448ca29c8bd60621c24bc03c
bhop_catalyst_nomusic,91290562,24541646,b1ebd3fe08ea0a621f05d9520fd5afb8400459d4
bhop_catharsis,80324238,54005280,f120ea8d369367cccb3540b396de5308e31919fa
bhop_catkin_css,75770174,21825142,fbbd919f634e4216bad2e37cf6d9fc07eff217b9
bhop_catwantedalongermapfromme,4440630,858765,7ed48450d855257e61c005762883f7902292d667
bhop_cave,1986284,306896,78168189e24a32a2593312b86f4f8621d7879ad0
bhop_cavehop_beta,3906799,1840556,f1f5e400d526f594e7f215a21f5a59d4e65b5ab4
bhop_cavemissile,46568826,23892214,e5bdafe2a7a643f0a7740b3a0a817fd76ece2972
bhop_caverne,37255462,12372606,f18430b76f02108e688440ced463f9e3f2cb2b05
bhop_caves_original,4892141,1494947,455c43aaf054853ce973f12fcb3a2e69cad64f72
bhop_caves_original_strafe,7328752,1647627,5c87c4eb1a0011b34fb799a7d5b3d43d8aed8aab
bhop_cbble,4482268,722800,0f13809eb2e043171532fbcaea234dc924ee2771
bhop_cbmadness,11691267,3991876,a51987b6d19738a34d68b1891bf71ea711ea3071
bhop_cc,14919109,3505294,f433c0cd5bf4c2112fede8f0b932cff666363a70
bhop_cc2,73123674,7690364,7686598c206c819a2aad1fbf69edcfd7109c27bf
bhop_cd,28312548,2291961,208dc1e131d4438c5a63c86dd9b50154edc63959
bhop_cd_fix,28312548,2291961,208dc1e131d4438c5a63c86dd9b50154edc63959
bhop_cd_flasherhop,29293407,1250526,db3e1b0af927b61b3518c3bea28813e9f93e7422
bhop_ceekay,12294544,4557168,5f1c4eddd43001a8d438f531560ea2ab185672e3
bhop_celestial,25047802,10146504,f6d035ebf37b638b4ceccbb9c5275fa613683da7
bhop_celltop,8259278,1808303,b2af2e01fa1e1503e5394dd0b8a16723bb9fd442
bhop_cerulean,4409435,1469664,29c04f87bc1e239b6d915bf39fed1f339179dcc4
bhop_cetz,269818137,207665362,e620bbe4fe93b3c4867acb046795889f22dc228c
bhop_cetz_mini_full,48012196,15261185,89bd5c3d54238d51696bdbe531743a161f26b6de
bhop_cewl,5122404,1837325,106dba7cefdcd657036550c8eb16befdedadd3db
bhop_cg_arizonabhop_beta4,6648781,2387012,5d0b3322cb3b679cd2e8c7226ed30f3957bc0191
bhop_cg_dust2_final3,12420668,3342274,7d4a6ef8c4fbff47cb09d179a72c0f120b4504eb
bhop_cg_house,801644,270621,9426d62ded2d3f6b719f3a34ad56eda83e42d8fb
bhop_cg_shit,164887747,4633396,80c7c1097f3d9f4c6ecd0949cd8c3f40d95e4c1e
bhop_ch4,9511564,2502554,81960f7c410df28340eeb6b71922ccadcf9466ad
bhop_ch4_30sp,9512900,2502153,564a0cf08a8201a8aec8c28851e93324841cf7d2
bhop_challenge,23386026,5785723,08dbc1402af2ea29b67f0025fc74ad1d7f42efa9
bhop_challenge2,80266579,27316907,9237bd1cc75da62998403e5d82361dc167c7516f
bhop_challenjour_v2,153116659,91081304,d059aae37936e6015d963c80e933a69e79dcdb1f
bhop_chandler,32457178,11352680,238b268c1af8cbd154207decde6eb72895e40570
bhop_chaser,32640613,5457764,d7e52895e47603c844199f6e653e4187be1f001b
bhop_chaser_css,32640613,5457764,d7e52895e47603c844199f6e653e4187be1f001b
bhop_cheatonthis,7056082,2830462,bc0fd1b8b7f25cc7724ce46da01ae4e489759482
bhop_cheatonthis2,25286962,1011448,74c7b8dd50b3057f93f2e0836e96cc7d02551eed
bhop_cheatonthis3,13823355,1359432,95fd335162f1ed8271ec95251d46956923918f6e
bhop_cheatonthis4,20043573,1874103,6c4881846e7b50a5accffe43d79712438229efd6
bhop_chen,29341875,10336454,c2804c4495129445c04032c1ae0bd45bee22a649
bhop_cherry,13827208,2023871,0588e4d39ca78984265e219757cf5348c4b47f74
bhop_cherryblossom_css,30967254,8663082,542cb46a0c2582bec5c20d7be32e11aa6899454f
bhop_chervona,7234999,3310426,88ce2d3c14de20e8ca0ce245f033e483692c1b1e
bhop_chibre,10910568,3848596,28ef5a54500b9aad6c2100a89887f6f8c8bf3bb8
bhop_chiken_dev_a017,307644,31648,995601f42a36c7ae3e8fa80dba4d59a97e6d776b
bhop_chillim,66786856,11761169,1b333a003d792f68e48c18f8203e3a2aecd21f05
bhop_chimpmunkertop,21379971,6252446,05d1419a692f2d66bfe2452736abc252b241dee5
bhop_chimpmunkertop_easy,20431274,5605978,c25aca76a79674be5ed26b4386ab474d9eb3c806
bhop_chip_bhopnoob_fix,2359126,1005971,b9053c618c8b3d867a0d0c1c8602a1888b31cb0e
bhop_chiraq,11213853,7472189,c711d8dea3fee905e77b20c1cfb67dd1231ce7f1
bhop_chivas,7715895,1535301,152186a2f1924d5078a64a95abf9fb2a3a8a8996
bhop_chivas_ez,8377989,2662942,cac65a79059a77ef843ee7a61b72d8f7d1d34c0b
bhop_chocolate_v2,5785472,1698724,e0bd2b18de20575e546ba4b3d983be3d27292083
bhop_choice,11601071,4162842,4b8154131857cf7da13475e61304f2424284bdbd
bhop_chorus,14226405,5257453,f02e617e34e87c37d5c4db5b24c1cbd249769de5
bhop_christmas,29774703,14489067,86c6cf18d1844461a8b5c6267b2c91608670ef7e
bhop_christmasstrafing,49720260,12925947,5bd00d2d5b7d2f8d2c67a0441344d6d638e9ccca
bhop_chrome_hard,11856922,4855368,b2068b6bdcfed7e35e2d41c0899df6f383f02a79
bhop_chronology,185539110,76076280,be1cf8d4bfae3bb87ad6aa1a8c4e4357932b6e83
bhop_circlejerk,253786101,114003554,c3ced90c25ead23fc0e43592f6e99ea496ab332e
bhop_citadel,2922348,1007010,adbe402eee1b60b5f353694861f5b11e3b9af88d
bhop_citnez,65014092,32022810,48a2f83099170541f28b56d47bf90042b839326f
bhop_cityscape,17753048,4270080,ceb4ab5870c817fc4fc530207a517167cb09053c
bhop_cjump,22045701,13846681,97fd9ae3ad776486a72e6e3136e8408eb600dd7c
bhop_cks_cbble,20718327,8304225,121697176acdbbd133dcfe03d2bec6aae2fe4656
bhop_cks_concrete_strafe,11798463,5106325,78c1888df5bc9505393e32d536a92b3376441446
bhop_cks_desert,63026805,17093353,e54cefbad95c7b03fd910ddb3f3f3f5c36ea2e22
bhop_cks_dev,6943397,2160389,7b950faeccabc132c562067b14548a794831dbbb
bhop_cks_dev1,6943397,2160389,7b950faeccabc132c562067b14548a794831dbbb
bhop_cks_dev2,23038757,9550890,8224bbf8b35dde48558cf58d535ce6bcca511e88
bhop_cks_dev3,7581129,3775361,37b7f2f13fb642dd81ee7a3510780d2d3abdfbeb
bhop_cks_easy3,33480178,6013511,b770398c037ab6d2a2f1b1e1739286351be96a04
bhop_cks_easy4_css,18513933,4171427,3c849ab6f0b2d78c4796bfcd9a47d4d0f4b0c4fc
bhop_cks_graa,7442226,2887047,2d0cee78d465745f328c233df376a1e04971e059
bhop_cks_maze,24157599,7007005,23e92c8c8e070944401c59d95e453cbdc86972df
bhop_cks_skruf,123924911,31913417,84263891794695a5ca69945435409f7555147e0f
bhop_cks_sky,10269242,2986317,3d20e372d0806a8b1bc1bf90d6c4b2bfefea7275
bhop_cks_stref,22917934,8735684,142acfdedb466c598ffdc2dced788dec3a2a289e
bhop_cks_summer_fix,76468405,14593438,0e6e57c9bdd6845de28537c8e01bd09f172ac96d
bhop_cks_winter,13635398,5468096,5ceefd2347cbfd7442bb776e25bfff4acd10d006
bhop_clarity,66326951,9823521,27e4b1654b9c21920d80919aca93795c9dbbfc21
bhop_classicaux,37556588,16067428,8fa26dd4999e797108117dbe78dd0ff61d2694c3
bhop_classicrainbowaux_fix,7226569,3471609,46f8446842ff96b795e45414b16c86bbe6a8ac1b
bhop_cleaned,3593116,799910,b1a68a7f652ed0afdeaa112ea851868e17100b79
bhop_cleaned_v2,2298496,591833,870b81723e0187ee2cd00739dc1e3221211d03df
bhop_clem,3084172,814331,2a76d6f704c0d7e903948d5df742a9183d018263
bhop_cliche,34054973,4321596,57f420fe88d654df4d660879754e37fae85bcc8d
bhop_cliffs,5287244,1109101,d072f0e6815bf638554741092c23ceef057f67d1
bhop_climbit,18317728,11597416,36fe41b7b311116ec8da2cca857e0ff468f2548b
bhop_climpisShit,247312,23493,34ec34f9ae57e21c107f925c9132632f8c545fd7
bhop_climpy,674628,24631,9d1f8c000cabb53c170b8bd0a24eb6cd93c54036
bhop_cloudburst,38640063,5540708,7f60dc76524482adfd9b720c673f857adfe13a04
bhop_clove,11937089,5770153,ac8317979181238a3e3ec17cf36715b57b260c87
bhop_clover,40419956,19673032,9b2e4aaa67fa4c578e614c6681ed1637c9938cb9
bhop_clowntownfixed,8731377,3135827,488ab0b9321575bbe2920bd2c248af3f0a6fd114
bhop_clrs2,17592490,5009310,6b83e48e99b131c9b4465f27781f57072ddd4fd2
bhop_clrs_final,5336220,1256436,9b37150107e19f379b3cca71c245cbc2ffdf3b9e
bhop_cluster_fix,27398081,10115050,51255b654fa279812aa8156da27e6629aff353bc
bhop_coal_mines_css,33911125,11913988,c9dae9917889d8214a85e22c2a413ab96107ce35
bhop_coast,169697835,98644175,4e57da706ffbc6b9eb236846fa2e2cfbcde5924d
bhop_cobblestone,11856015,5837531,fd8ee14b2976783bd7560c069ffea6d0db45b2cb
bhop_cobblestone2,15568406,6909785,512e5b2ef63a833240adee030a87c6e653891916
bhop_cobblestone_5xl,11740024,4081128,a14ad33c8d127249c6b7eab5efc5f84a56a116dd
bhop_cobblestone_fix,11855829,5837478,c8cfca67ef9528532ea8a619d14bf05d3846bef8
bhop_code,1091896,163976,2a57afb2bfa92c2c784770151064ce0e8da01606
bhop_codegreen_v2,7839002,1141303,1465a163ff9b4ff1678dd9ba09b44751c4997114
bhop_coefficient,26617941,18515237,08caadfd9e87bf7398f27607ea6cd0e432d487c8
bhop_cold,6837109,1815852,10304dad40b1d7829a01b99c897caa8b9466edf2
bhop_colfest,10672033,1528818,6c5719dac1a58501e7892120e3fab2d3af5160e4
bhop_collapse,92636543,52971858,504023e7b981d469196af9c8dd5275879f260a0f
bhop_collective,147085592,68970635,1798343d6d97c11def64f04069f562949c7addec
bhop_colorclash,24903698,3151306,a7990ca38b53115bfbd633e5373cc7d6d7387361
bhop_colorez,23116882,8681898,0e7a7286e73a5467a488057790b0eae4e077e26e
bhop_colorline,50938101,10362508,42621a826b85759bb1319bbf68258420c3bec303
bhop_coloror,7767315,3157243,a747c868e76fc6f57a1592d041674b9ef4aaaaaf
bhop_colors,8368252,2620679,36ad51f6a707ec60d6a3d55fc72d263ab0bd4b52
bhop_colorshit_v2,25667037,10966602,cf892c122f5912fa86742f5dc9ae2dbe6d8dab90
bhop_colossal_beta03,5413072,503512,6fef9bcfdc7e3747e31f01f455d2718d4dc0ce2f
bhop_colour,33387520,9661827,3aeb9e9eff67f65d4121bf668bba7de75084e8d0
bhop_coma_X,18431621,1836947,bb031283cd62548f6befa0928306efa2dc933053
bhop_combice_mp,11727749,4448611,e258f7858fee99ff280a2408656a54981326a9e2
bhop_combine,3715932,888058,9f6679b91aa5b2da5d9e6a52b181e537c1231a17
bhop_comeback,8615027,4176757,dc674aaaa18ce0ba888b7c85ed04232f976a94b6
bhop_comfort_dev1,3706653,1226480,93bbe5db630217f4354527dda28399ba2eb17463
bhop_comfort_final,19492142,6968962,de4f252ab9bd8c53080db5e3fa79b9ca78c4104e
bhop_comingwinter,26402965,9720736,63be8081734aab87f5f9bee398f5b238924caa49
bhop_comktion,11766483,1679037,84685ecd52c5b195fed7317d183c699511cf2d8e
bhop_communityjump,179587160,110630752,a8711cf4a7ca840e6fb7d2b774dd56c803714c9a
bhop_compact_city_v2,22593209,9103809,ce17164aaa94ab20f791df215080d10a4ef865cd
bhop_concept_beta_1-8,69044689,9847115,8d5244b733eebc6e0672f940aeaa094ef292ab77
bhop_concrete01,31831972,12747450,e6268b7d65660689c3aa667cc77a75a7376c141a
bhop_concrete02,34656981,14859036,330e5c863f40ec5a5c872a451d385e478c3facbd
bhop_concrete_beta,2322152,106911,7b0fc03650582e14a0be761eb4854d6f8887c434
bhop_concrete_beta1,3745336,184266,3030cd3277f12c0befabac6fc6c87cf8bde9f159
bhop_concrete_pickle,25198929,7629186,36b2eb82dbc1ddf76eb62076df7155fd0108f5bd
bhop_concrete_strafe2,12881874,4790068,f1f23c9cf179adb66175d5fd723e55dc97855232
bhop_concretespice,3377967,1097672,a7a196e46568f7c73919fe46467f42725baa8e4e
bhop_conduct,4270580,1889450,b5ef81e184114ffdcc68cdffd777332e068b74c4
bhop_conduit,41524157,12490415,6980ad7e1571e153bf4f156025e1d0caf6140e06
bhop_confusing,6689187,2802930,9adf96006610d06da897fae6b01db9095c18ce77
bhop_conk_creet_css,25002875,8565941,b98e02b691c4fb876e24ceb7af40e79098623e8b
bhop_conquest,34833355,16905411,0d83276c9fefcc552e5bcfa8b0f96c8f5edfb675
bhop_conquest2,40637427,24239771,0bc9424725b3ddd35ac7dfdd92a99c9227e21054
bhop_conquest2_fix,40637467,24239232,69af2ab8683e9d5ed7cc60f3e60761060e200965
bhop_conserve,7185317,1500044,5b5654661fdeb5f8d8167d718b5198264074ab48
bhop_consistancy_fix,16643212,3649977,633310215bb5b968b7e3f1e10ff81736e2fe0177
bhop_consolecake,8464444,3495722,91d978a30410aa4d3c21d273e2b21d4dfe025684
bhop_construct,4281687,1802371,75dd7e801c8a8c9998545e3f5cdd433a62909c61
bhop_contained,85065574,30294368,71fe567dde410146edd687c3e54972ba3faea066
bhop_contex_prod,23202416,15989702,4005ab5e7ea702ece89c3c605a852449c3fbf159
bhop_continuity,146139671,79069898,75567115bfdd84daffc7e049b2fa15c5b13a5882
bhop_contribution,406052,117696,f5e5e8e5ee84f92e806a103347261945ff846f03
bhop_control,4338408,222067,105440dab9ddf752a0f759d5561dd0bf5179b6e9
bhop_cool,4436316,1909291,25d150e8dc1ea1276ddff1388c15e3cd0b887586
bhop_coolkittenz,55339335,33782214,e275e4477825b8971d781c860344e1e4da892142
bhop_copyandpast,5782701,2305200,4a775d7601ca16ae7cfb525b761de8952c7b5904
bhop_core,13056984,1738565,0086507c992329fff97b4ba36510e6d7fb7a7173
bhop_corridor,10642244,3762116,0cc4a8fb2eda5ead2ed9910eb765af48c83ff72d
bhop_corrupt,16139663,5404519,d0df62201c93458779a55a101b6e2a865cc2fe09
bhop_cover,59439674,14512867,1b80d3d5d0fd01290c08445b6dbe00f98e2fa6ee
bhop_covid19,119358304,57321341,d5946685fada0099c0a6a9de524c19787c34299a
bhop_cp,3610273,254745,15d99c99a7a0b3b2ca23f080e2e8b8c3d4f716c2
bhop_cpm,13863840,4542701,5f76333376f7884ac00d9d5b1d11ccc02e674264
bhop_crackrocks,59491824,19728504,c8956e6b1ecc52c9702b8bc7dff7557ae09716d3
bhop_crafty,18267481,3809361,6086ae99c97c5fc24d197b30905cb0c62eb6324c
bhop_crappychristmas,22089796,9512670,881944d3194fb509bfa62ce62fd4f7c980d09742
bhop_crash_egypt,64422844,20382085,8d86913652af712724d0527c875b81182c298af9
bhop_crate,24836445,12496556,2c48d77de70d2ff6ebbbe4ef15a7d91110ca1754
bhop_craton,38996286,5195280,d28c7684f890bb5f58a179b9616dd96eaf8058b7
bhop_cremeux,39279813,7488870,0a947a9dc7f4b7cfa636263e53322c1ef44a1ce2
bhop_cremeux7,32939215,4236027,ae179ad299853275de9333425904772b6a509c92
bhop_crimson,3465543,1182225,a0c51e346d09202d15e62bf0f16ecdd8ebb6061d
bhop_crisp,4060624,1298637,bf6a4cb45bb8e7daf29800e1f5462e67eab16c15
bhop_crock,38199966,19101016,0485e46e9c6c90012e63c9a6b8ce115ac488e606
bhop_crossfuckers,4737919,1647325,9f1a386dda9d4abc445eb5e557d984f9c3b23f0f
bhop_crupt,12911021,1763065,25db3f6b7f633117e9b34295973a6d3d61761e6d
bhop_crutle2_css,49940908,4485065,6998801e956c4040ba7d8020eada63edd6910505
bhop_crutle3_full,43142945,5139111,ea664936fbb11c6332e49b27b9901290e0146841
bhop_crutle4_css,49145372,6641709,79fce247eb6b453a89f8612ba94ba566ee115ecf
bhop_crutle5_css,85816240,21147678,ee95478f85b91f563153e4c6b050dd11baa3c584
bhop_crutle_css,38095799,8004525,cfd7143e69fa032fa6644c3d4a5e0af809610b28
bhop_crutle_hard,35736648,5227879,49f566f90e243bbda39e2d511f6cc43e025aacb3
bhop_cruxxx,33845811,25002863,1d2b97bafc9728bc25a17cd64cd6564e3c62fd6a
bhop_cruxxx_nomusic,10131353,2727953,999268f3928ce7bc4cf3385ca89e1019e4ae7907
bhop_crystal,11850219,7079590,60a0fc6d0c4f89a97e05471643a5599cc6d9b3a9
bhop_crystal_palace,28820985,9724908,2cedc248c5ff6672682aba2260ab3af9703d8ef6
bhop_cs_beach,4341973,817289,b51b16351afacf2ca58f5390f74c7227b0c4a0d2
bhop_cstle,796272,190681,728611cd3ed49cef0377d019980da9429fa10989
bhop_ctm_impossibru,3762430,1314371,50034ef42905b3b2f5fb88d4a79442151fd08a28
bhop_cubefield_remastered,11656867,3402703,9dfbd5a2a348abebfcfa7ed862791a8a52794151
bhop_cubefield_remastered_retexture,36782974,9209003,9545321dcbe7b1917e5c7961ccdaab557ae3f1ff
bhop_cubelights,5896968,1443261,440024e9d93a631dc182dfb28a1dc7a97552ba86
bhop_cubic_a1,21741212,3546102,c4ccff87e008e8bab65cfa91dbbe95d18839a676
bhop_cuddles_5percent,37406225,10733420,30b103e465fa6db5cc1d59a2da49aa9ab774b494
bhop_cueball_v2,1255124,293877,b860885e3eb55ad518c760fc1612bd65c4c130a8
bhop_cuh,29242817,7294490,5d0694c15838923f05c59b1432122ac0ba67f0b0
bhop_culture,192500380,106854803,b6a943096973a44942eadd1c0bc35eb332089e50
bhop_culture2,476190885,264114847,6b012a8b6b05a167c6e82c16d72e635c493b431c
bhop_cupbhop_h,4060307,1725248,c632179771e83440b111d050df9239a4a40e6b43
bhop_cure_finalz,20250936,9079578,ac4a2a0d1e94c7574516bb538f07bf315205be41
bhop_curly,6586093,1293930,8eb67a4b4d26fc5e5fe668fc79d9fccde053bf96
bhop_curse,94238940,36685750,fd365737c35f6a91b20bb11e96778031e9abc442
bhop_cursed_tomb,16160228,6187450,5f4b084f2a7adfa048c0470fb04c1abd09ca7a10
bhop_cusimacat,14058370,9202319,b812703effedc089e513d76452e0159df04440fc
bhop_cuteboys,22906077,9241252,7919518fdf8a14a7f2ac89b33008462c83161f7a
bhop_cuteconcrete,27319544,5141047,feec6b97d65af75c80850f850cb1aaee5f8e285f
bhop_cutekittenz,68276661,51509433,4106a62aa745299b7099a9d07d5b15aa083f2daf
bhop_cutekittenz2,156644845,98558502,f692ac7e499d91f1131c5821f828b7d797e6d11b
bhop_cutepappy,2554517,1325070,8cb1f1acb200110f3ad623e4218d5175531f83e7
bhop_cutetraps,41477158,13451199,f7a1755c24edca3c3a23fd7ccd55a6a54d4c3740
bhop_cw,132262247,71789560,3a845dde5911b764b7f4b9f3fbf546966bb09dac
bhopcopyofroblox,1403416,49828,411d44bd61cd904dd851e126702c1691c2987790
bhopfoob,14196058,479456,2ee8fcb758e4bb1a33cb9de3d64e113ce81fe299
bhopp_leetuk_fixed,2221700,720287,e0b0dd0f280fdd15c00fc1df584b8071f758f62f
bhoprun,406356,93906,fc86fbc1d14c013d4736ff497b7efd4ed8ed9d39
