Bhop_FreedomPuppies_v2,29861033,20379973,9c6a7a4eae9539d0bbf52b3910009033448828c7
bhop_0000,19148563,1413047,f8505b4942858003e3da1efb8ad3c701ffdc0ea1
bhop_0001,33124946,7623419,73a4486ac864fc21938590abe163ec29affa56ea
bhop_0secondstrafemap,190568,15061,7e05ca64c730dbeb5b1d407751e4c7f584de544f
bhop_13,12399852,2667871,8218361090f535a0ded5a2cff5df4ce58c0c1d6f
bhop_162,40626504,19848838,bcb24b17ec2ee820d660084fd2f32b224dfc49ae
bhop_16384,4797834,603002,55329813c8653ed813bb05c2c20ee271bac6d7ba
bhop_1n5an3,2538880,550992,f33756d2f7840d6858132dbdc041b109a37da5a5
bhop_24,11356222,4420052,fa36814b645222f3614e0457d9fa7707681fcd5b
bhop_24hrs,103760027,29878159,07d7f2b646ed6909f956769a9d9f68553ec58757
bhop_30m,6207465,2849643,2f185c365a34dddfe340a2812263966a6d6bd9fa
bhop_3dm,47019787,12560610,a6221df827c254e3725a1ff34e65fe37a9f45a1e
bhop_4appa,50655620,16324415,c6c6344c8bd0e74c8deeac62c649ea6852ebf413
bhop_4colors,35213908,15933799,e1a92fb80692cf9ef10fdc235c19b73c854414d8
bhop_4nairda,18184119,10055622,ba3fe54a57e8ea29619d49d04020e2b9f9b14199
bhop_4pilfkcab,97213839,27181573,09e5d8888ab97603500eda0d02a0c80764f2471b
bhop_620s,10289850,2572501,a932b908363ed2a1a6814913014b6de451d7ce3d
bhop_98sync,21381139,7215204,c936ea3bf257512881ee3955466752b6303d493c
bhop_FreedomPuppies,2456556,533627,f6ef0afb656638557a0d4932028f16dcef0f5888
bhop_accelerate,33926524,4583562,20bdb9664db8b440c0e1bf1353cddcee309ca309
bhop_accelerate_alpha,11504732,3920873,b0c97316f1ab4d87dcdb1e529f5fb962413c671c
bhop_activate_windows,107873576,12278961,68f58d02097d367640f5efe64d360175d65b79c4
bhop_adarkplace,69102328,7643920,5ffa0ad269cc153e82318f7454a08109f5a04d83
bhop_admistourselves,21365819,4703962,3f45d526686f27ba7ddbba70407ee460a359236e
bhop_akame,5773788,2477626,76dd6926f605293770a7d8ab01175e5e2ba26d09
bhop_alien_ruins_css,87574494,43843954,068537ae8fb134169506441817887551bb5cf2f8
bhop_alt_kirves,44210183,5140320,a428060080a42c7ec065864e6dca8457afc72f85
bhop_alt_kuutio,20869997,10147839,81f4a783e11009439bca04e767d650204c1a7f27
bhop_alt_olohuone,43128583,5005447,6b2b2c386dd4e5802e8948277713e606edeeede2
bhop_alt_paskin,39150625,2399142,e127bf1a4fea1a3ea811f2f0b2faebdbadc51af4
bhop_alt_saimaa,29874227,13070711,72014d5bbf3d148b032ab405c692e29bcb7bedc7
bhop_alt_salmari,9062269,4171117,635d44e2d29c24f2bedab0b7dba3973f6c7327bc
bhop_alt_tammikuu,30005162,13281314,4ca88cc5bfff3df1334048759ad1e5c851904e54
bhop_alt_terassi,19861542,9003084,6f8327113e472f264b3e663907d7d7798740c33f
bhop_alt_univaje,20574198,8432224,a364eeb0a5c9d8bdb254536645780921cb11e7ca
bhop_alt_vaahtera,50405579,7741816,6e954409033fa16ed7a87f0a7db1a6bec9f06cce
bhop_alvo,19071229,4289880,1446d4fd746323b6bbf7980dd7b7e317a17cfda6
bhop_alvo2,39160914,10963832,18d78a69b76df12d3239c14e8c2c0293c669c27a
bhop_alwaystranslucent,15210084,2563288,dc397f4be06a34e1f312f17e78c9252bb30dede4
bhop_amalgam,30864737,8396949,0f456eda9b128acf025c841804c9ed88ce1c9d64
bhop_ambience,17529576,6515428,5aec33fd5b9a22707bcd84768f61c863c85c8f6a
bhop_ambience_medge,45323015,12995759,4cbc57c843547f22e88449368bde267ef9862e36
bhop_ambience_remakeforanime,52860348,15255741,0443549435af7964708e0f0ad8aef7b4ba9afe22
bhop_ambiguity,58820219,12750963,faf38fa481d114e4f794a796f3dd0cfa3733092b
bhop_ametisti,14711508,4538082,ba8131bf498057290c39359e9152a1ce5b6fcb29
bhop_ametisti2,59476964,17787720,3a2d688a02a947044579200ee02e0617f3b5530e
bhop_anaaws,21292783,9350569,99ad304a87900e78994529bdd7cf8a36a46f4ed6
bhop_angst,64252397,64136874,5a5598dcb56c3ad1287a70041a11b4675a3d90f8
bhop_another20secstrafemap,4904174,2294114,e627a0213a4c9af54b6ff92193c3f6520d568db0
bhop_anotherstrafemap,3169501,1088578,214c9649600f126cafd9686ea140daa73a89bebf
bhop_anteedote,1043712,259715,dfba118a0ad7a34f7ba120a2cc051727089780b8
bhop_anteedote_v2,4877296,1962428,981ccd9fdc72c92546bb9e6864af8643a338cb05
bhop_aphrodite,93645308,46842498,1243083544fb0f1d49b91c53ba07a2a3eeb42936
bhop_aportal,97747272,25290494,2ef8c829eeb2ef9b370cf468dfd5d88c69ce79f8
bhop_appaisaniceman,40131368,10290164,d84ad59dc5bd5a6f8c9724cf2e226897cde9e2d9
bhop_appaisaniceman2,79799372,20517445,1035f622c578d5105a77b369de2b613ba909ec71
bhop_appaisaniceman3,43173044,4944112,5d5f0a8c7d4aadd4b58384b2908a6d1b32683e64
bhop_appaisaniceman4,129734864,35077149,84004b1d58e7d4ad96be00fd91132707ff360cec
bhop_appaisaniceman_extended,73071379,18892169,eaa65aab05acd13774171ec26671c67ac070936e
bhop_arc_simstre,2082804,629315,3b2b0d3ea2336a42350a40c6f8243dd6d3d94b45
bhop_arcane2,120241496,63459662,f506cb744a060664b74a3b53c2ef1146294096cc
bhop_arcane_v1,26085973,9117485,7ee3c9ec7550d6a9e9282b92534174f9d3926b6d
bhop_asko,45300495,14390798,9a3ee25954589ad24bab7fbe78c0fb7982fcbf68
bhop_askowo,12906967,3783795,c0ce9dc270297404039014d3b8fc15c38446838c
bhop_astral,83135890,51119507,ffff1959da7b0ae0eaf225ff00ed883bad04bc80
bhop_astre,9251523,2326072,d2e5124fd4db46b2ba2c57c6174a1ad8c5b0467d
bhop_atom,9939277,2753394,25cd707cabc6387475f42bf002e543a6cf67bcab
bhop_atom2,11371353,3578993,6087c8563c9be7f6627be28cf52551972d3eeec4
bhop_aura,13286060,3515812,19b16fa6bad2364202bb1486d4ae18cec6adc419
bhop_aurum,28373375,9749099,74d54944e30065fa5890c32be5cdd495a156321c
bhop_austere,54659112,26617914,0505c432c54e4fe71177b54d3aa8fe38e0d846cc
bhop_auto_nato_v2,14822181,1201446,2af751503e7f4f6893986de1340b6c2e6f4c2582
bhop_autobadges,1336483,296735,7669854f2c92c797ac4d844f3e19493b043ff8cf
bhop_aux_a11,9325844,1996797,dcd014222c600c1eea55c2b415c2a8e8effcafa9
bhop_aux_a9,50881414,17522671,f8d4ca1db030f2227c7581f227d441215dac109a
bhop_aventus,2751931,1174369,239a3148499a4f470765a7b1a275ddd7208ce033
bhop_aventus_v2,14689026,5797039,fe626d66480d13936cb8e34f0ab942773350ac05
bhop_awtop,6987461,1210174,255d7fccf2872e435b18f1f663b64560f0463e1c
bhop_awtop10,20294562,3413328,f6da5dbb4f2d95f3a78e0dd50970294501c35b9e
bhop_awtop2,7536811,1348389,95439c585367861f4725546e47e52d1f82b0129e
bhop_awtop3,7586726,1397306,37b83e6ce334a129ef711c348f9a35b3398eae64
bhop_awtop4,9519484,1582522,e5ea315d4880dbd88b1b5a88831f1297dc7f5850
bhop_awtop5,8054659,1383651,f3249f69ac4424d52f47c928ef67735aafe2da8e
bhop_awtop6,9501829,1986178,c59e9d5f228f67429a07e1616d3231eb2c79f4a9
bhop_awtop7,7575926,1208755,3c6846068f7ed9c77438cd66c28d818afabecd93
bhop_awtop8,8543437,1579959,345945180a150740df5f56fabc2bc917ec72bd8f
bhop_awtop9,8241023,1407636,ee37e56743651a47ecdcb230a7636e98440526fb
bhop_awtop_final,61161405,9603617,cbfaa04535bb5674bd63a88c17f97b8eada7f53b
bhop_aztec,3766752,1066549,35471fe6e5602b095ab26f97c2f2195999170f8d
bhop_azul,113215926,44824146,a344607f2cc764b36b3f7e4377a977ba59e62f52
bhop_b1h,1710455,493060,4f8bd9c851d13d0b75d829afbfae3ceab96babf5
bhop_babes,2518920,929324,9dc7d79cfbf8e20c6061744a89c554f6db86951d
bhop_badges,96409924,70446127,f698fd3d702567d250af541d81e7488d6abf4de3
bhop_badges_strafe,24815429,4639321,6fe46000656ca2154abb9fe168c085f4f2ef2ebc
bhop_badtrip_final,559611858,361639473,6f85eabf3de04ef349666eabebac08d712421416
bhop_badtrip_v4,16832649,4334490,ad733e80369718b679aaf6428c52be2be0ecf66e
bhop_beam,2415956,1008783,b900ca69a72ef59f4319365b3cafef05ef0b384c
bhop_bedtime,31884009,2634458,39069c1608dcee6f06b507f6db06962d496c055d
bhop_behemoth,39023420,11238419,4025d5fa87768eb46d3f3ad0f7e3be39c1377edc
bhop_behomeby10,33594513,11465070,04be748bc4c0c21d15c6edfbe91de1decb3db6a9
bhop_behomeby11,48571383,17823734,2b41d879132c917df28aa622cdf824d4d8e4920c
bhop_benchmarked,109318023,49722018,4c5760ac8fdb44b33ff6f8921190f95e9f4e95cc
bhop_benchpressed,65643176,65874545,5a838d84669f7b7ffc482cd457163d1fee575ddc
bhop_bfur,11469358,2692750,54244e5ef11723ed86744119d4633d95a49a53be
bhop_bhigg,1743036,696614,5fce2c188c58745758baa6e9f2ad3d96ddf653fc
bhop_bhop,16842200,2488180,f8cd8946e854cd6c1123741adedf89780bc2655a
bhop_bhop3,7901005,1548452,d1c8fe40bc158c8ea503ce50c9ec97f1e2ab71ba
bhop_bigshorts2,35054953,8856310,a2f80a8b1b2d7782827ce93e2b8f75bd64f65b72
bhop_birogl_fly,71335120,30602584,3ec3529230851163cd169b71eb5bc42f94be6f51
bhop_bistro_1,26730759,5204679,5e1369974459ba36d90f5f339be80b6dbd884899
bhop_bistro_2,29028614,8156676,b1f9f646a2639b18a9cb454ce894c9e03c0a6f53
bhop_blackglow,19067166,6035007,ee7aab8e62b573004a4d79db8044569d3df2159f
bhop_bless,5048784,1827912,53742ebd069de7d893a9b0dc7c1c5d0f2c07ca88
bhop_bloc,14568608,5435196,6606beab74a3ca72246ea7fb94e95dc4a77876ec
bhop_bloclean,12587197,5224244,5a28ab5e82f618285c5e9cc5d4da7ca63657cf78
bhop_bloodflow,64777840,12538620,9f51d645bbfbd14914271e25e523ceb3f9db93e6
bhop_blossom,63145581,34267387,e56fd348bcb2131b6e9f2c3c62e1e9e720a9436b
bhop_blue_abstract,17871052,6377146,8e810909f212ae0ba9a153cea4221c74d32239d8
bhop_blue_aux,2958616,1101130,6cd4df7fb6c0e9a3b80d3da5eb2ecfacb58054d7
bhop_blue_shade_fix,11458328,4050281,00ba0dd3501d2c77ffc642448c2fef5803c48441
bhop_blueglow,15096260,4930079,034e63733c614c659b87539b6e264ac372f63501
bhop_bobop,10369296,4809830,7b8a32c69acd7052f0e30c73d75e88c0a409da93
bhop_boobers_css,40428588,4787441,5da8d587c09348e548e9b6d77a4d2c3c14925699
bhop_boredom,39131440,8108268,df29bed48319073c096fa553a53c9f8a0f2a8e13
bhop_bram_halloween,82877727,32318955,d1fb0e5ed5b090060ccf69639dfbbf10b7f250bc
bhop_brevis,2865780,840148,211b0ffcd4e837782f3103864e10b55848f5d389
bhop_bubblegum,53823516,15006369,471757ce2dc54fe977802b23231cd0bc3f5bd909
bhop_bunker2,30465489,13782246,96d4958cc60dd69380520e46b384d541725ded8d
bhop_bw,5790898,1097319,391f4c0d562b3f29872edf718bbb33eb658e86b3
bhop_calming,47679468,8391015,34a6c11a3a8e155d33c41a904b4e4b849146a88e
bhop_calycate,88438241,26557859,a22314d925233fe62cc48d8870f8e09466c52ded
bhop_cancer_1,3525594,87173,e7abb8fd22dd053080595af63046e28e17b5df48
bhop_ceekay,12294544,4557168,5f1c4eddd43001a8d438f531560ea2ab185672e3
bhop_celestial,25047802,10146504,f6d035ebf37b638b4ceccbb9c5275fa613683da7
bhop_cerulean,4409435,1469664,29c04f87bc1e239b6d915bf39fed1f339179dcc4
bhop_challenjour_v2,153116659,91081304,d059aae37936e6015d963c80e933a69e79dcdb1f
bhop_cheatonthis,7056082,2830462,bc0fd1b8b7f25cc7724ce46da01ae4e489759482
bhop_chen,29341875,10336454,c2804c4495129445c04032c1ae0bd45bee22a649
bhop_cherryblossom_css,30967254,8663082,542cb46a0c2582bec5c20d7be32e11aa6899454f
bhop_christmas,29774703,14489067,86c6cf18d1844461a8b5c6267b2c91608670ef7e
bhop_christmasstrafing,49720260,12925947,5bd00d2d5b7d2f8d2c67a0441344d6d638e9ccca
bhop_citnez,65014092,32022810,48a2f83099170541f28b56d47bf90042b839326f
bhop_classicrainbowaux,7227024,3471432,97abbdfef60887d2a5db896d81ceb6a2d41fb1f7
bhop_cobblestone,11856015,5837531,fd8ee14b2976783bd7560c069ffea6d0db45b2cb
bhop_cobblestone_fix,11855829,5837478,c8cfca67ef9528532ea8a619d14bf05d3846bef8
bhop_coefficient,26617941,18515237,08caadfd9e87bf7398f27607ea6cd0e432d487c8
bhop_colorshit_v2,25667037,10966602,cf892c122f5912fa86742f5dc9ae2dbe6d8dab90
bhop_coma_X,18431621,1836947,bb031283cd62548f6befa0928306efa2dc933053
bhop_comktion,11766483,1679037,84685ecd52c5b195fed7317d183c699511cf2d8e
bhop_communityjump,179587160,110630752,a8711cf4a7ca840e6fb7d2b774dd56c803714c9a
bhop_concrete_pickle,25198929,7629186,36b2eb82dbc1ddf76eb62076df7155fd0108f5bd
bhop_conduit,41524157,12490415,6980ad7e1571e153bf4f156025e1d0caf6140e06
bhop_conquest2_fix,40637467,24239232,69af2ab8683e9d5ed7cc60f3e60761060e200965
bhop_cool,4436316,1909291,25d150e8dc1ea1276ddff1388c15e3cd0b887586
bhop_crash_egypt,64422844,20382085,8d86913652af712724d0527c875b81182c298af9
bhop_craton,38996286,5195280,d28c7684f890bb5f58a179b9616dd96eaf8058b7
bhop_cremeux,39279813,7488870,0a947a9dc7f4b7cfa636263e53322c1ef44a1ce2
bhop_curly,6586093,1293930,8eb67a4b4d26fc5e5fe668fc79d9fccde053bf96
bhop_cuteboys,22906077,9241252,7919518fdf8a14a7f2ac89b33008462c83161f7a
bhop_cuteconcrete,27319544,5141047,feec6b97d65af75c80850f850cb1aaee5f8e285f
bhop_cutetraps,41477158,13451199,f7a1755c24edca3c3a23fd7ccd55a6a54d4c3740
bhop_cw_journey,148954836,88691869,65366cd6bcc495b85ace798c5d6977ecd6cec8a6
bhop_cyanglow,11129984,2935831,60096531c83e73439c6eb0cab0af2e080e8494a8
bhop_dalig_bana,119096248,62385594,1a1e998dff3b939a715290b95dee7c7afc5a8089
bhop_dangobango_v2,21256092,8324635,59d101d1cf73df207add017c33bcea536a005032
bhop_danica,1319677,538767,56dbd944089a750d2e17a2a9acd658213b38d7e1
bhop_dark_forest,111041783,57770919,e9997f50c4ca3af1a1be41883c527677d81a79fa
bhop_darkink,19431512,5089299,6ccb0fe4486e1d75478aa9a71a9b16ede26e89e3
bhop_dash,3010820,1265775,db89a8f9e59fe36b13637d715887569014847e20
bhop_depot,81556660,36421105,07e5c09cd82c125d3d23a23392a43832984480e0
bhop_desert_smoke,74022525,41372176,027229756b8661b2a872a6c9b498d74c49321012
bhop_despair,13074590,4213439,0d6970a86719a626329dc027bf79ec25cad76e54
bhop_desu,8007842,2269223,70f44367edb8b93c568d5637e44beb65e93082dd
bhop_detached_b1,57108843,22095683,e0693f574c74a0451de85114ddfe5a13beafd41b
bhop_devclassicism,24870503,8215083,20be5997b3e15af0452ca2a5240e0480dbb6d17a
bhop_dienda,73049546,73313855,c4ebb87a4f6fa0e2c9ce46b5627361fc185a1ece
bhop_dienda_halfsize,50426974,50447140,8ac0052d853360d50a120f4a5dc8260509555c43
bhop_dimensional,37753791,14186300,e5780e3c678255131e3b4a59e884c277c5231b24
bhop_dimensions,120768664,120586054,e79d337358dd88a68e484d4ccc1dd1bc946e7111
bhop_disarray,42409638,13294173,0a079897964ca5939354afa1edd1f60af903d27b
bhop_doh,14071610,3935245,1e9a8495381508e70dba0d75fce25fe0d8cf2517
bhop_downdowndown,5323049,930685,f6c0582ff2753ac819080c0b24467a8af243448a
bhop_downtown,13354118,4906097,827359b9a03698527803ffe41e7500248749a786
bhop_dracule,37144239,20931422,a998e955fca5ba0f8ba5339bcfdc74f15277a6f3
bhop_drift,34387080,14740979,fb390ba08e329c80cc369e8a9b4abf81e48ed38c
bhop_duck,10670924,2879823,ed6e36e34fd734b72a2b2cdb3fc2c336fd3f816c
bhop_dust,19092621,6187820,bb22267b2e46e1503b42cce9d2ee5edcd3ffd25b
bhop_earnest,56373525,16491104,10d967124dacd39344b57cfe799f59e036ef4287
bhop_eazy,2620945,957779,0d8510ea1acb7478880a47329e894023ce693a6b
bhop_eazy_4xl,9550636,2468182,75d9e2391526a5ac1ea91cb43bb419420d7677c9
bhop_edibles_v1,13340412,861808,bf62581fabcde2774b57667e2db29d3df8f7ba4a
bhop_effigy,41936809,16243088,b73c1b2250e6947ea2f7fd336a113113ddf0aafa
bhop_ego,6580557,462878,1307f5e8a60c97087f1c9aba8a91e08493778be6
bhop_egoist,6389763,516621,87b4f5103ede257adca0003e6aa2587dcd00f865
bhop_egyptian_balls,8687258,2540303,41bfb62d81140bcfbda218c9980998705135a7b7
bhop_egyptian_ruins,104065156,104311984,ee349f0929ba38ee2d544f765686c1e0f4aabdd2
bhop_ekrentop,46959142,9480561,852cedcff3cc60dd157d6e83def8891850ab0d8b
bhop_ekrentop2,49920896,10185091,0f5bb24de0c8802cd40ac30c2061d068311202c7
bhop_ekrentop3,51062856,8660269,e9f3c30191658ee1d347c5efe8ad93d52ae498b1
bhop_elate,106336950,66753212,2f2fa5c853ff956759cc393f59668891f0862a3c
bhop_emevaelx,32393453,5136041,bf0e920c1376ba1d68fa0d84f1090bf11ab1f516
bhop_emevaelx2,34437718,7673384,e78abd6809ca8faf71927c25cb1b761439d14933
bhop_emevaelx3,46474709,8409605,6f456a9fc315194eb630e997cc93f02e20c9bce4
bhop_empyrean,36998821,10541425,3d66e7bd9d52f187f3fe3ac9ee5180f8e536d689
bhop_epiphany,93524240,52774673,f2e9e1c62603f460ad2fc6d316297ca8a9fecda1
bhop_epiphany2,247022495,173482940,b5d77e7ddb31e78552683c47633605433541a143
bhop_exiled,92657800,38118179,3ce481737111ebec5adf88cb9b52fa3b327341a9
bhop_exordium,76537746,34483986,3f7fa7fa38d32801e1b76feeb06bd7ead897e4fd
bhop_experience,279621067,131799396,11ea829f115fb021292de3139b3c728f1105e2c8
bhop_ezwr,13404170,554774,dcfbe116f8d265483f454803bada00ded75b054a
bhop_fap_to_traps,85529940,53201733,d4b66cb9f09480f2ab8ac98eeb369578ca3573b8
bhop_fast_hop_eazy,6680106,3249679,7c541fc84188dc00a1efe888a3a9fda162991594
bhop_fauxie,28248246,28341058,544b7dc528492bab0fdae366f7554b83de8ec02d
bhop_femto_strafe,9877536,2465393,12e5cc2c558eb91ff6240d7323857cd3a38d9811
bhop_firstboys,27547752,1886664,f6044222aee187fcaef8cf185169de06ccd3fdbb
bhop_flare_v1,11892696,617299,f94bccdb0a141babe7bed69a351d3f21a93f24e7
bhop_flashbacks,69319002,30000155,c1474be275cae4a4878ea3a44321cb1ddc219ee5
bhop_flatout,13171129,4599694,fffb9a110147b8fb078ecf108d4d71440326004a
bhop_flear,31462627,8629409,e051819dc03edfe560ead6ed356cfb0c99dcee15
bhop_floccidrift,204512670,123879553,c874fcdbd6b9c9c7ee6129dae772bf72985bf7b7
bhop_flood,3206778,1333871,64b7d4d54524a3cff949d545470fe5e65202ec39
bhop_flue,3976134,2195345,890226cbdd6f46d9ccdd65343ea1bab0eb6d7b82
bhop_fly_fracture,40745639,22682513,9f308a731776c2091ab2bd9c42fa604bfc5bd0e5
bhop_flydown,52525947,15815113,cbee3d66172c316d37c364b50a5ac24cc34d03a6
bhop_fnap,10168599,2006364,9dbe0d865c06dae95febfadcb05dc080aaafcd21
bhop_folium,50758857,15349721,94b9e7d4d88db21b10ece70b78c1de97dc771c73
bhop_fooben,2448924,177591,2d559dd4d1b19dc8f926d73dc9508789b99c104d
bhop_foreverpcpie,35990280,4958737,e973b04821adc4d15049641557701c9e51802133
bhop_fornoobs,1268764,126959,a5ee5800918876839b6354e5901e5c23ba26f78a
bhop_forspeedzes,31863307,8127016,aeb1deb47f7ae568552db6f0e30f32d200d7053b
bhop_fps_max_sr,24744868,8416286,da9c2b12404c99039df44fa86bb196229135219e
bhop_freedompuppies_hard,2302276,400259,c842886ddd635bd2e4050102c6d5b5b423143285
bhop_freedompuppies_remaster,28307441,6770993,17d7b6530c1ef7360cb35043dce1ad74fa5c1b3a
bhop_frozen,32434354,5908772,f62bcb624778863aa600353306726b1af6c961aa
bhop_fruits2_fix,280164964,137311080,a023e127ee6582d756353d66a9860c35d4b22846
bhop_fuckapoy,6180884,1706631,37e36691ddc361486a49d949004a6764c1b2e3de
bhop_fuckapoy2,41362016,8568809,ca7781a358cc54688c27e61b8cb67184a65f96d6
bhop_fuckapoy3,48799197,8397845,756c538fa87638a94dfb52b006b8f279f32279e2
bhop_fuckdream_css,61677018,17792222,dd71123c87abaeed92fef983f02aa3e5321d6139
bhop_fuckpappy,112411126,40026866,71a3100c89777cc8077653321ec91cd9935edb7b
bhop_fur,48561269,7178291,d030e59063dc21cdf650927af69572c98658d295
bhop_futile,30794448,11684993,712cd2397f449434b8bf5001c3f9c8c43683a70d
bhop_future_city_css,40645456,15077393,8b161dc9acd82d7473811c7daad94648b44552a6
bhop_gatten,29752559,7259924,aa5e90126d1aea23b3b1e7892f3b3bb73f320647
bhop_gatten_v2,29936355,7126052,adff501a778e966587c1f01e2c19b606bceb833f
bhop_gay,2262356,122173,63e03249912c07299bfb0e7f771824b360aba8ef
bhop_gigaheish_fix,90294756,25908755,8e765e9b86899d41cbef5e9feb739d995fd4782f
bhop_glacial,80632743,23023019,31cc028ee8852ad6c90883928494561b5d96758c
bhop_glaze,5821490,588024,87fa202cb2d1ad35e8d143075bd0b1caf30d92eb
bhop_glocktop,16297536,6750440,4bd436eedcbbe945418331b4d4be597f299abf1a
bhop_glocktop10,15575842,6249780,41bc11fa9736441f1e0cf5c4f2bc1ebf94b96330
bhop_glocktop2,26480998,9030104,519bdf6257333ed75f33f38126b074b9cc847577
bhop_glocktop3,36904208,14349555,599aa93b03e612985f922f0fc2c11cc74a0bd8ae
bhop_glocktop4,27999053,9998241,7ccba794fb768974fbca4ebee8241ff0f2b68b2d
bhop_glocktop5,45426841,14891170,e4477b281ef1d84ffaf23e3f768cb15a9b835c09
bhop_glocktop6,36017911,10173865,be4815a52545bb8ddbc31560f647d36c0125f716
bhop_glocktop7,26050807,10254844,245f0ab2af1a221db24e62d084791b493853bbc9
bhop_glocktop8,23994248,8876092,ca6ff29922621343e06d6f40a43b3cac925fc94a
bhop_glocktop9,22791513,8143196,30ce830f4638b95a3415336240c7b00170b3c9ea
bhop_glocktop_final,100740399,47229779,82ca578a6acc980d20f19e240db9cdc50ce0886d
bhop_glxy,4538368,1124975,93dea930d429124e11211f781bac1aafb1f3c27f
bhop_godlike5_css,48137672,21784389,3c9b46fb876098e19415ee809e7a9825153cb15c
bhop_grapefruit,39468666,8775621,4354d059bd06230560788c2802115ef1786cbdb1
bhop_grassyass,2081777,805570,59de1b5f095185aa2286654fddf7a66cff849597
bhop_grayshit,3473476,1319527,26c1100d9e36d9088551463addee27142c24ce54
bhop_green_shade,18211706,6135745,17146c431ccfcdd09525d463d2268c638cc00fbf
bhop_greenglow,13974864,4157296,f3d9a96d6e102971a942b62aca05b550b18c5412
bhop_grove,13317877,6025558,b7651c30f27d8a4b70bdbf0f1c480139d9c190be
bhop_hades,14697753,7934286,ef3a33c8f00374f13506880f33a72fca9f8d811b
bhop_hashtagfreeblank,16961623,1445699,e1213855dc5088c29995a59149a653a17ab85b8b
bhop_haunt,53252100,32604688,0624024637f6e4eac67f14d2e89174286c1ded0e
bhop_he_doesnt_know,8885367,725443,2d35ec0643578239d5def924700e03cf555558c7
bhop_hedoesntknow_2,24325774,3051746,1fca5e1987aec8493d58cec3159435f077f56e42
bhop_helvete2_redux,70396532,24688467,621bac06b1d7304400dd04b0865e91dfe138acfb
bhop_hexag0n_cool,65481256,20825851,d4b3b6f4ad0b9dc423939e8dd76595a52b6bd6ff
bhop_hextra,164882821,61973994,2d89c121cc05eaae8b135e3e5539a1f7051ef579
bhop_heytetsocanihavemapperrole,58985164,13381702,ec2d763b8e15d203adfc55eb89de0b5dfd001d78
bhop_holiday,31765370,10236476,7107c558cc88fe34ed3be5cd79f2d7c32ca5c4cc
bhop_honey,6912359,1459351,d1142b1aed133327f0ec46dd96466069a4402b77
bhop_hoqku_dev,26340837,3006007,dbe78fc00f6297c165245fd3ca69fa409471c721
bhop_horoshechnenko,91969212,38627098,ad4ace0eaf845900e3821b35501e0460fad9a332
bhop_horseshit_1,19198252,8800781,69df62e4029879bb7922863251a77c83b2feb653
bhop_horseshit_8,107030702,20635844,f38b675ea0550339a0010bfc12b2a9f0816b4a13
bhop_icebase,20548231,9931224,972a35c70ec414fe982386a9061215d41e04c927
bhop_icetrap,25151496,10499114,35e4cf64b03e170939d1c0ee0c38030ef96b8622
bhop_iconic,25145957,9987385,50b6e892aea852273328bb91dfcdd0f68f1615af
bhop_icosa,16437518,4584666,95298578c3d4cf96bad82054acba6ba3c292b2d9
bhop_ihavidunebinxd,4122715,1775812,ae0126b7e3cab2b71733115ff5fc90cf295cb0a4
bhop_indistinct_css,208784445,158745682,d9299a58cfb8b6fa32551d7e072d027b9955ebdf
bhop_inoculant,11953402,2793655,dc36cb5a8352af382e412c4468e795d51ca8cfca
bhop_internetclub,82326117,63921286,a06dcee9d43334a4cc9c50f81eff6ed89a05e18e
bhop_interstellar,76789293,29487022,ad7971be2be42a0db9e734fac0ba4efd840449d4
bhop_intertwined,20559220,2464349,7be4c5e64f84b602666780c5b1837c3afa8fc0f0
bhop_is_kewl,99603973,41926331,fe2a2c832219a6892a606b9d64b1049e574f935b
bhop_istolefrompcpie,88521357,25607645,68cf53e244b5523effe9dd4e6419b9fa127cc0fc
bhop_jago,49399090,20562300,73bc15637c5a79545f42136934221065406fa355
bhop_japan,158993239,67093812,aab3590198e35832aedfa1f946d16f33eb0fe1f5
bhop_jaunt_1,5462935,59052,0ed54d89c21a06091f00ed5c67794ed366efe383
bhop_jaunt_2,5562844,74026,dc0bbfc8cf9c621907ea8c902e6ace1d17303d46
bhop_jaunt_3,5531429,69915,4168913b9ad727bd7fd2181270d599e7423e9025
bhop_jaunt_4,5597757,79252,bb9b42069b00eccf62b6143f64fdf76ebc5624e1
bhop_jaunt_5,5642576,75606,0d89d7fa55f9d95c78330d7123470fafa733409c
bhop_jaunt_6,5433128,60047,6e9cc1ccf1a25ff98ff82a419f898b9c9952419f
bhop_jegypt,18956527,13576064,ddc605802f64dfde3019b330982bf3108fb0545f
bhop_jellyfish,49918850,10052997,e2aa1435648e88101e724bde351ecd6e7ca38183
bhop_kalimba,52509927,10733308,a3ed2763e5ea718d9cb893f432cc73f573f93040
bhop_kasvihuone,56499945,11129961,352c01c90c879e3f34f7cb520c8582dff429abd9
bhop_kaunisnimi,43293938,30388928,2d42167421a862fc95011c972cc3f9fd87a9bcb3
bhop_kiitovittu,31826033,12217103,4ccbf4f5bf562c5d1ac1cacbf3cc6d6d6a9f7556
bhop_kitum,5214464,1972344,2d671ae3461ba84b642663d3afd4863ae75407bd
bhop_klassno,45032313,8784981,bf6839ee7ea1c95139eed2b29c395e380e840bcd
bhop_knox,50444948,16684535,d57da0942c9ab2bddf83ff213563bdf6d1d933b1
bhop_kore,5179824,2026378,27ebcb7b2730fa154b2e9fb1fa78d74d12d98a96
bhop_korqane,21821373,8564165,8ec2eb90d479928be057a009957c1a58dfec4f0a
bhop_kotodama,30238407,14776635,8965e4a5ef106ff743a55b0cf6c1d97a397c0133
bhop_kotodama2,54130252,15792351,9c726e173a262bdbf774e40d99eec77bd994c9dc
bhop_kr,33723580,5141673,9ba43d51aa2f3c5298cd9c2b2877a33211a30859
bhop_kuukkeli,68164315,30290706,2ec6854ebf6b9d5f2ce49750525b756154ab6c6d
bhop_kuusipuu,29799409,14522443,8c5e8ab7b71640daef9ec938eafcdae98e3159d9
bhop_kyle,104540671,29431802,a55392baf8040c3937d96ebae0ef9c20ab65a50e
bhop_kz_xc_mg_jb_de_cs_surf_aim_lj_bkz_270,117964,4363,c72a7e269176590eb94456fa465a3b206a1a7dfa
bhop_l_speedrun,24513048,8000011,9e2c97d5b6c918ce82570ebec3c3548ce3ff37bc
bhop_lagoon_v1,113651260,58182774,e90dbb16334b37c4ab533b49c3785a1f035631c0
bhop_lament2,6877141,3438870,de966088b82df3603d376db09dc9fa87871c33e1
bhop_land_x2,122540766,43115625,bf76cd6f479bda17451f0f71742b6358acaa5dbd
bhop_landmark,10744240,3508143,79064be18fb3c6b39c0e62861a42c2751727fa82
bhop_leaf,81660536,24303067,08edf475e226bf702cf55f85c4505e6610b21db5
bhop_learning,1147664,306485,fda9a8942b6fb7ab82f70f2e04ee68527e9d6bb1
bhop_leaves_fix,16292803,5943988,647aebef81fb260e7e1ede34fca27f9c634645f1
bhop_lego2,97264707,49503563,4c25486c54dee067fb83f60c514dcd28183b99d5
bhop_lego_strafe,8393837,2108388,e16ae87585cc307d5da6c3f520e9caf885b107d9
bhop_leios,10820453,3841274,dd836c6f4f6aa6b6e328a6410e2f92a3aed67763
bhop_lemon,11566182,1039369,21a6e06274bdf84eefb075519115911a1bfdcd46
bhop_lf_comeback,38048507,8458861,bd93a2d647a46a62da1d78f21998a0325fb9e7d4
bhop_lightsout,4466832,1273113,8cbf154df0ba3e27dc679f8a2da10da3ba8a05f9
bhop_lime_css,69141904,22773923,9aa0d9d5a8ff5b57380e9d512e8c361e4ce77fa8
bhop_linear_concrete,58422603,24773627,3cae0bf3b7c9b22d4e9554eca12e7821598305b2
bhop_linear_dust2,45029481,19402338,1e11d7ddf689c14f891cd4897c79179b4d038948
bhop_linear_forest,72754996,27870845,4ffd00fc596eca2348af5b979bcf52f1519833cc
bhop_linear_gif,72608119,29289983,3d912d57c70e6a5120631d46fe28fdcb5795a3b7
bhop_litpisofshit,52533661,14202602,01122162ad1d33d3710de533d423309f0fea7d23
bhop_lm,9755584,2052116,837911e2244d0e1ae8d1bee4bfc79764ac3592a4
bhop_lmnop,34213751,14391592,fed98f49bd13cdf105d3279d8979dbe8556e398d
bhop_lord_m4dara,67656155,40585104,985963499204fea93867ffd6f584c86c1afe943c
bhop_lubluebatsjavanal,107482192,24549347,c725f16731940a5b4276aaaa5f5119838d4327c2
bhop_lucky,44908101,19301122,78c287f45de37edf972841be655c2a40a4a53a79
bhop_lumin_css,42489053,18023539,77a995ea9eb898568390ce95c241228f3c3a323b
bhop_lunar,5160532,1977652,b8be6da3ffbc4451c090721ced3f9701ff0dfd7d
bhop_lush_css,73205600,37673417,291a589e978bc33f2e993a4b9e0c80534b3a2759
bhop_magic_cave,188632342,70415337,d972c005d96f60bbbabc4a2cd12dd26dbb79f9b5
bhop_mall_css,430811856,189656113,ca744be2b1c37035a3b0d14b6f072552ddadaab0
bhop_manpoo,29587711,12402780,4b4dca3757afad9124b5e1bb2175380b133b192c
bhop_medusozoa,58574132,20112439,aff2b6f56d4d44129bcb8288dd1b40efbde420f3
bhop_mentality,58215370,24989356,cdeea964194e8900d83667b176154e61d42f3a7a
bhop_meta,4515060,1899597,4cd4abc6dc7d97a667a1448fc14cc27de0b74333
bhop_microwave,9243718,2711307,f0bbf26a2f4d90fa4c8c4aaaa53333d65bf2635f
bhop_midnight,90216068,21249962,71bf4a8f6882b96769bf7e91c43669f7ebfba336
bhop_miku_v2,75766842,32316583,ea343c6474bfee15e7d2a61ff86916861e720314
bhop_miles,8662180,3406691,b6f3bff717142e702e4329096bd4645b175bd78a
bhop_mint,20453663,6640461,fd70ea98c5a8f8136f8fadc7ef8cf2f8608a3d3f
bhop_monster_jam,44732701,22356044,a347997376a2d2052554badd93422c9d54105bb2
bhop_moomymilkers,49105733,8999310,807d6c461790103d3b138ceb1d9f71650a3da03a
bhop_moomymilkers2XXL,52835563,8716011,bf1fc1fa557f2a6453cc7d6b22234a66b106fb7f
bhop_moomymilkers4XXXXL_fix,53905487,8933284,aa6da9a8bf91b6ccf7b3bfc53aa1799136d920c3
bhop_morency,27653652,13745422,e6ff2ffc846c864355e466501fde30a8f2990d61
bhop_mourning,10990470,2250370,0300d7e02031118e8e3622586f79d175422f42ae
bhop_mp_stairs,2779796,234002,fbb24ec8f3ea0cab6cbec7cbe98ada9dc07ab173
bhop_mp_stairs_dev,11921664,3301233,4fc9845b7a77c9d34dad8320243df70e2851b23a
bhop_muchfast,72712723,14718300,f96b4b3f8372f732b84bd1a58386931f1978a4eb
bhop_muchfast_bonus,1253438,504081,6c9a2a3887f1cb9f0b245dc05ba90c228e924890
bhop_muchfast_bonus_jdev,1249717,499931,90351faef148fcb33cdacf27425f70b76efed368
bhop_mukiology,17122440,2266823,cd188a352725bd9b4635a1e4034851c9f94ce663
bhop_myextreme,12402524,7746224,8682c586e39707925b08a4c040bf08138ebfc2b6
bhop_myp,9100363,2850710,0a23499bcef2f7bde47824eb1c35e7bb539298c4
bhop_nalliexkaren,31748335,4743031,3c8d33fe61a10e054f85e83a4269b29ed1784099
bhop_nay,10706249,7061952,0402b97d00fb6d267ef8dbeef31cfeaa6bb757c1
bhop_neonlaser,27103789,14652900,55b4e398d0a2c8d97fbdec0d1cd706a0659ffbf4
bhop_nevertranslucent,21008219,4952388,224a03a7eb0252b951cf35fcdeb31ced29b47e82
bhop_nihilism,35228491,13865468,1ac730e5cce10e21086e3ed5d7fa35220dcb84b4
bhop_nira,35104249,7752544,25546bd2d74412a8a6c48d4c7f85f272df356f0b
bhop_noeuclid,12247968,4916999,aeb5454e53b45807c4f5ca0b2484662308e40a78
bhop_nono,12033891,5451356,b178bcea9c011b2ee85bf0ebe267f42ccd2ae3a8
bhop_nono2,22982380,8265322,dea9f6429d05da9c5f6885eb7b4ed9c923f03042
bhop_nuages,30970096,4677236,449a6c7c765af6443ca0dfe8cec836433ae4acde
bhop_nubia,23493903,8944929,5a26be079cfd3bef0d7f816e0306376024242ed4
bhop_null,56730275,33301582,231b67cbfbf11d70428c02e6aae14a2d7f3d8790
bhop_nup2_css,24052376,5657390,7f5a5f019319b3c6e98d66cc714ceec7ae4e338e
bhop_ocean,39306613,20717850,17b44522f7e61dc4485a919e203b5e323f339002
bhop_oldhoppers,94832048,28685292,aa1ea545f47ea5fb0e637c116c8aa27e3a09d2ad
bhop_oneshot_5xl_nosound,10177844,2695247,2b5f1afc8b1e817d81d2375c0e860ab8b7cee53e
bhop_opads,4542772,491010,f4d7a8a7a51493f2a60a7fd5531afe1299c2e952
bhop_orgrimmar,108164505,50319159,f6fdf51ac2fa8b55b68a3b5e9f0e9cf19ceae996
bhop_over_powered,28472382,6860591,626da690f413dfd62c3d100fea80d1bf70666b4a
bhop_overline,40553883,5008447,dbc9b851c9fe5c5da77cb5a7683d9b16d92cba8f
bhop_overthinker,61631483,61645230,434a5ee0175eb5c8e2636eceba82baf0393c9cdc
bhop_oxom,14750320,2619981,408a7b973b240ac668aab2b5b791551dcc656ade
bhop_p05,151089886,89478827,7d3f12014443b9ddab0eca2eeb7d92e7a54a99d8
bhop_pahin,12576149,1406720,b4c6cad6d0970e61b29b2d743921e06c7385b1b2
bhop_pcshit_fix,18154048,6296806,3c599f4698740b7b3063f066b835ee42602f7e91
bhop_pendulum_full,123340838,51690217,4baca36520d58b72a0a6c725940d22a12128114b
bhop_perspective,7920069,2199681,a3abac550998c3ec9ee459809b0879131859655d
bhop_phantom,21897841,6515163,5f1db7a0400c9388dc5c219ce7ea63a28ba801f6
bhop_phaze,10497090,2259773,1847757d7117da5a4787815f22985c157abb1ea7
bhop_pinkglow,9937516,3027582,183f593ff27c162ad36658e5cadc0337dfdd31ad
bhop_pivot,30967012,6780548,8bafb4efe0fdb371431c4189d9ff15110a52c47d
bhop_pizurin_v2_ebt_cash,8575409,1145143,d554567a3a0f3ab299248fdc4e45b206841c1f46
bhop_pizurin_v2_ebt_cash_xl_adam_boyes,1809932,569885,95ce57896da1237feb3183b789b6be0d1589fe19
bhop_plasma,28430644,3217423,e7ffe4af0ac05cb44aa487884679f615b1cd93dc
bhop_plemon,4645301,2680888,b75abc97c3acd2785bb2996f6266642b12c61e8b
bhop_plunge_short,15376289,5968641,47ab945f66fd24f0f91fe9db3b17b72a5253d6fd
bhop_pride_sr,23727047,23754860,fe8134a64540c8dfef73d6fe9681be6c60ab9cb9
bhop_puffs,45914666,15514564,1eb516be540b2df21a753be51dfb1a47989f9743
bhop_pulsate,34047573,6742590,4be6b9e94b9845b59f61dbb4a14870686d8f027b
bhop_purea,4279465,1200466,6fb0515a5c973faabceefca4d6a7365526f011ad
bhop_purpleglow,19971086,6023733,848fc83d43033ba8b5f805c868052339e6ad40c1
bhop_qmpa,15822167,4219908,e81fd8eba7d88b8ce9fb3366bafd715e74c7d2fa
bhop_qportal,16267419,5920123,ef17b94ddc1713ab873c95fc32ff5ee8347c4d3c
bhop_quaker,22061564,7651256,9926c15e6b7c1483ac235b8faf384bf027dd1562
bhop_quaker2,21539467,7424080,0a457087f4eafd5f862fb57ada06c796927dd068
bhop_r7_enqur,10362266,3509620,5991031f9cafbd9f7fb9a575859881988074451e
bhop_ragepoop_rev,11343523,4638296,11cd9c6978ac31be82be68831d0a7993419edc54
bhop_ratmeat,122455764,49431950,bf04ad64fdaa235d7e461198d9dc918762792d34
bhop_rawsewage,49794600,16755815,602b8b5b2a99017a565e0bf7c413fa8215c6a63a
bhop_rebound,26633742,9822024,cdfd16009be8d63ee324fa7affdb3100daadda5f
bhop_recharge_final,55057431,55203608,f121392e812f02f6cba76bf25f1b3ef9b8b779ad
bhop_red,2374800,166952,93e878ac2f2c34b099cf4543463ea01d50edadf7
bhop_redglow,11612699,3096524,429df4e3f0d782d874b39fe3a9868852243ae187
bhop_redshit,6773179,2511794,e591b59f4e168466b2f66f741c66ae5122b86b0d
bhop_retrowave,103283680,26999374,644b301531f04fbbfcb25783785293765baed107
bhop_rgbglow,38065011,9436414,bac79bdd091a8be4f81c9c487541efc01e77a030
bhop_rinnegan,47610058,22619806,6ee95ac0ea4ec007354ac5b1f5f63de66a80d74f
bhop_ripdream,7365783,2789093,1d04150f8e2c0a53a1f240f1584f2dd3a4364c07
bhop_ripdream_t1,7365531,2789162,d5cede820ad276b9dba401ddb5ebf48d2cbaf3ed
bhop_rippcpie,12775351,4088706,08889d6196c8f53db715379f5a051e8102d1f133
bhop_rockthevote,49589404,11137471,4d4b617cf4fb51389f2a5ba5227a5505bd840100
bhop_runbhopper_v2,2973160,788161,ba02c3b7afdaf1db32dd238142736e1d4673f355
bhop_rupture,72216708,29550099,2d008216b2d5c13a1c3d5c8cf4ef2848fc5b403d
bhop_saffron_css,33773588,9160981,c7a47e816ad0e635e0a06c40ef32b3138ecf15a0
bhop_samcollab,21618731,8447325,27c5eb96702baa380e5e41798c29ee0d04f6577a
bhop_sampletext,23093548,12551193,08eb81b72be68a4fbca3185d872ecfb90c43fd9b
bhop_sandals,12759256,4844939,0b49ff48550e7fa409f84e8168d86f2cf04bf59e
bhop_sandtrap,31318527,16987926,d2ee711b363bf4e54d169b770c255b3a02f67713
bhop_sandtrap2,27528056,16628086,5a6c2961839efcacc7d1996040a02e95397aef5d
bhop_sandyshores,6118983,3441278,b3d2ea78ddec5ecb29b13f8cd971ba1bd1138666
bhop_sativa,56760796,32586344,1421b436e2af5a252904afde1467b055dea5948e
bhop_saunter,4382284,92648,7b39c1a22e8c471a58e786772341c7e842230026
bhop_sauvakavely,19525519,6996330,8533424387cbe8bb58db4b9b5c66f6d104adb66e
bhop_scape,32217140,4240945,ecd8c81dc87b925e5e52e568563ffd3f7e5f97e2
bhop_scourge,112863454,41271168,49f4e534aada9175223126f8bd027d0de6f0ff4b
bhop_sense8,53515352,11589870,9c0be7ed595c9911b99a2d352b54a2a06f25cc1a
bhop_shitper,81237552,23675741,2d615b9767d5a7d7dd95cfbd7b120142c84bb477
bhop_shutdown2_fix,288182274,122493743,591c7e15af473221123848a741c9caca052ba1f2
bhop_sinensis,7755907,907137,5174b7becde2f29cc53422cbdb0f8c54e77a5f6b
bhop_sinister,6860750,2212971,5a2b7a8ad7eee2ab449ed8709c1fd5875f38910e
bhop_skygarbage,2008211,455897,4c4febe3d5e2f06d3ad6d3530aa029cfb58c8f49
bhop_skylight,68885216,16759782,ac69cd493f1d60400402f722c81dc90232fdde10
bhop_skyway,5750782,2217061,62100556c66d3d30dc4f969a56fab3ccae7131f7
bhop_sleepless,8073527,3068427,229affb9fcd362a0d461a15413156ed9294b106e
bhop_slipstream,6823921,1099059,beb2681f333575d2444cd4c7153850ba6fe85d5e
bhop_sodadev,4450674,1533700,0b93290a40edc7acd6c120f095c0164359940f0e
bhop_sonder,177697874,97120737,831e78f4a0aa508de45999f61d81fa1be8436c50
bhop_space_circus,36006392,9734816,acb06aa8f7d0683aab9c4a4698c5ed8e1e171929
bhop_spearmint_css,2960920,1158947,a42df370b439c0434400419a196908be7e9fefd3
bhop_speedrun_fibzy,45618114,10096819,f4e429db5c055470e609e41f530e334e004aa49f
bhop_speedrun_fluid,2026492,687229,a38a847afada68d0df6a4ac126a5e5b53520fd2e
bhop_speedrun_suka48,46849143,13083386,d413b778250a53291a16ace7ecaa46bb3490f473
bhop_speedtyomix,10036715,2033603,a9b706b888d889ab609e931fac3fce5c059b8d79
bhop_spiteful,6989680,1815077,4757d7810ffa5d0e521ebac05adb598b77ab065e
bhop_spongebob,28918598,10055579,e5ab7476813e0fe54784d6d27b5381ce00355f3d
bhop_spooktacular,84205822,13741420,eeea4ecab3b30d29e0608ba0c17db7d923951652
bhop_spring_chill,52904496,26500030,25ee6e231c08322990acc1564c0a24cf8e997b82
bhop_spution,48971209,12166269,4d919344f989219a017b97379cc2712fff027861
bhop_spyro,39039266,23105713,adbc4c3f46d9c770ba6ac59a09b7c3d0b8fc91ee
bhop_sqee,105629226,71488005,3bb89b4ff709d99988bdd30d765ffedfc2441b6a
bhop_ssj,5998909,748690,03ad03dca3d6bb14918e8a4a935ba6cf8b4e5fae
bhop_stoneage,21150862,10437936,4dcc3707db553c5746c0811317a87bcf06fcc920
bhop_strafe_syn_yk,2487283,779251,7cc2f9b9e1da64a84fee9c6643cca24ce3ce25cf
bhop_strafehacker_1,535160,116837,be9e04a9f461ca9e611639b9dd3b5aee7633045b
bhop_strafehacker_2,1743852,310532,366e0a851ac4d10e9eb94ae5c07bf5ecd4fe01cb
bhop_strafepads,25216811,8595596,cc713fe3eea4cd55c2f771bfffd25d2d943d07c2
bhop_strafing_in_egypt,18067340,6260545,a3901fac0e11423dcbbc5596cd1efb1ea11d8918
bhop_strafing_in_heaven,27566937,7909398,2f21d873ba49f5d35ed757653554dab09695d064
bhop_strafing_in_hell,11772954,5009380,89baa6417e57b135302dfb3ad195f5fa866f831d
bhop_strafing_in_japan,38755091,8499118,3b9e4da0d419e1ddd50b929f1695dbbb8d73c877
bhop_strafing_in_sane,67508664,22902364,52582c6befaf8274e59db851711a28a383fb4b56
bhop_strafing_in_siberia,14511381,5364700,649f8fb9e01881301e39de9ab49d5cd2e0a7c7df
bhop_strafing_in_space,35437248,4126356,03ccba4096865aa2abe5b73fcf7f9824ecffe66a
bhop_strafingonlegos,15121400,5286723,ebb40d83a1c24282cf3824c0152e67195b0bc780
bhop_strawberryy,30367400,5147291,9d49da183dfef1241aa35586a17d24b2e4aeb8c8
bhop_streamlined,38749585,11047744,2df49d4bcc21fddd29545b6a2990ccee050bab01
bhop_stref,171561761,67213311,eef0f5e6aa0264ebf86cdf790eb0063c1286b728
bhop_stref_a,28930002,8774023,ce3d004fd1ad4b499ec1fe8cb3ea986e9258566b
bhop_stref_amazon,19120683,8281413,c0e50bce8d5c1c93aa5713217b47bac26f13f592
bhop_stref_asleep,15934056,6143580,20dd21ac4d09c988e2a7f68b7b46099b1aa8a79a
bhop_stref_cairo,17540777,7006733,ba0695c5ddeb6e3e361e0aecbbf588567c81e0f2
bhop_stref_lively,12742728,5999531,0521aef73fc42fa9f80ad07d459e73665b8d0bae
bhop_stref_shanghai,85937444,39930570,d6287bdacae5f9cee9301c019f15b245773b5115
bhop_stref_siberia,45352488,14303434,6e5243e2c718b49ad047b804ccbbe4373d5ba8a6
bhop_stref_universe,17614620,4989510,8472783541fdd88db663cf3c5c11cd06d6052cb8
bhop_stref_wat,29354646,9178055,abf32c3af03f686b8e07ea584ec33dd71be3d234
bhop_strefordie,6063627,4275118,691f5f0d75bcc49c2f24d244a09e4509a0544ff2
bhop_streif_andromeda,23958722,9318764,2a4bcfa494eb72ffde24e0995f8480d34958e10e
bhop_strvfe01,5929431,2431704,ffc789d85a7a83568edb13460013c1b3ab839fc3
bhop_strvfe02,31435642,7229648,33549ef447a0cfe48758d72b819757ee57f36ee8
bhop_strvfe03,43383325,16773033,8ce404a0d22f0a5cd8d51640516884d37afd60c8
bhop_strvfe04,15689109,6576164,e94133f89dcddf634e95f1cb9301452ed6380edc
bhop_strvfe05,21226671,13135069,a8c7c25979fca17b1933124ccf1ac6f260dc3e98
bhop_sugarspeed,95182189,39139639,204680563ada72d34457dc5b7cd1f0ee4fa64a43
bhop_suicide_pls,34931680,8713972,5eaff1a844fac2a42b15d1640db55b9ebfdb317f
bhop_suitsuke,46180378,17236557,0e5edf74d261ca2bf53fccf4c7cf24f620e43081
bhop_sunset_strafe,30330463,13739599,e509d341a425f488b37ab413fb8d8a01708ea9aa
bhop_superdooperhard_speedrun,14678325,2899277,904abe4e10f68ec6f47b84dff80cb0727c1f1d5c
bhop_supernova,224683939,75246777,f36e5817f0c2e5f29f9a3270afd82090e14159da
bhop_surge,5657632,145026,4bb85ed663f3839d06cdcde74152075fa45a1577
bhop_svedon,9826478,3423347,9a99a670cc3bdf7e0f30dea432ffc9c158e2bff5
bhop_tehoputki,32288392,14974102,fef9dabe5dede567cb0c8b39edcd274d835da55a
bhop_thebes,5485171,1261836,f489cd7d6ef58a8a61b23e90c4dc409b636f9173
bhop_thebes_2,12578803,2492283,09fcd2b8fffc28e77e557dc1bdcd7203901a31ab
bhop_theendofabeautifulera,98183784,32997058,634e049af7745723806d16c6bfa704dec1ad3af4
bhop_thetimeputintothismapwasnotworth,136769816,53443042,65786496ded0186206c95b5abf3ebb48c36eca19
bhop_thrust,36055434,7198994,073642f886f5f736bec2c3237a2708e3ec1fac10
bhop_thsisinotwhatiwassupposedtomake,1392352,358604,7df82db785340cd5a97615039846f2d655a19734
bhop_tilhi,77995017,35399198,1a6af7197b9ab38d494392fc6849b5f1971fa636
bhop_tinneri,27183856,10407265,14de9d02ef06786812a935d4459b7ac81055dda8
bhop_topgay,14909026,2743855,a32121000488c7d8cfc78344281b2fbb51b3f864
bhop_toxic,51789779,21807977,883ef1a4745af9fff0787309a1d19515622284c0
bhop_trains,2875176,321156,74ea92ff428b2c843056af92845beb58c196a2c2
bhop_tran,7162779,2632376,d6b37a096e23c7d398fbc0b0317eeb197f92a8bd
bhop_treehouse2,51703454,15960903,0fffb67506d58ec3a09ca43bf5e793dc97ecc0a1
bhop_treehouse3,52465643,21581667,790bebaacb29a65294568da54c7454a85417ad38
bhop_trikz_caverns_v3,60921398,29339056,8032009d57cc3632fbbe54556878f333e9521087
bhop_triphon,30582283,6390880,91d141a35296f512c747bfdad967579a2d951f06
bhop_tron_evolution (1),169192537,59221169,822d84c2dc9d9e2f968f1335fb1efe53f9962b8b
bhop_tron_evolution,169192537,59221169,822d84c2dc9d9e2f968f1335fb1efe53f9962b8b
bhop_ultimatum,8917017,3320055,c40a2a5de1c50b8cce1c337f157b7de11d903566
bhop_unreality2,115839003,44473714,868b5370d12c5cec692e6e74f8b28dc625a9aca0
bhop_ure_very_cute,6235085,1174947,e193db4f091590aabf95e424a802a1972c320c76
bhop_vale,131992786,63157236,893d2449611da45ba5be09c5d8a673f58633bb47
bhop_vandora,131124323,57888224,a59f8c5aeea384578d38a1cc6fd692ba0e666121
bhop_velocity,23843155,7504841,6a972b7466d245e3c23bcefc7472ef19982571b9
bhop_verbena,32612462,11483647,1c37e3c080e6e349989b88b45af6893a8be074c7
bhop_verbena_v2,31676742,11034562,15c9ba49dc0b711614c0c8dd4a0dfb8ffb81e72f
bhop_very_long_fur_bonus_bruh,16169837,3109926,f1db892ec43181114182cc81fac97b3916c8a852
bhop_vesper_test6,3383080,1051181,b0c8bf0fe2cf2e9400da895103215891735ab05a
bhop_viper,30490543,6920604,d02d49770ca392f6e6488bb13a1219f5f99d8ad5
bhop_viridis,37692791,10828804,15935e2518286727f605b06e167325a5f1840818
bhop_wasd,49115994,11681492,1ea9220e4c370b9b7fc9185ee3b16a625e4940f7
bhop_whiteglow,14810197,4694505,c695af172e886df7f78a258bc39e16b66e4284a1
bhop_widow,9039571,3131294,68da4e2364c40f4882810df92291980dbc0edaa0
bhop_wildcard,59655065,13632046,08d3c64062ebdba1e1d6c27c7c3a8b5a59405b44
bhop_wire,79871154,38126545,1aeb892095c1e72985c2ce026b6a04a169b2ad66
bhop_wondrous,101954572,48572457,c39c259eaf02188c4ac44ea79dbedf12a4338ba8
bhop_woodenspace,121930450,53441334,f7d85b20a2df095299762c3aa3b257ed4c4c079b
bhop_woodenxd,56837859,18861553,1758d472f85e116f275d639788c275ab1c3d340d
bhop_wow2022,22170391,10830248,537b57285d4819a39a2ecabbbdc2e5d00bf24e3f
bhop_x,64776842,21796136,b4a215b1b6b56ed255c653e67451f3a7574514cf
bhop_xcsource,1645224,591647,63047e4b2be01dd5c2e478f16b7b3ce3fb8a4a76
bhop_xdddm3m3s,3039790,1093465,67854e6ab98b8d8487cea2bf8c0202a084ac7d3c
bhop_xof,4440787,1423641,1fa2592d380426fafda96c555275ceba90dd0ed9
bhop_xorex,47203613,16577311,9d126bb0052f1387fed01305b179b6d6719868c7
bhop_xyz,58645175,16778075,6d3e142cd40ad9c7946bdc40ab5e2b7a4eb11267
bhop_y,37810624,10408419,acad0117b89069543ce4934d1cb4928299c1f4ae
bhop_yuka,8086855,2256046,ce12231436c05fc8deb0a50896ca5cc8ad9b2b9e
bhop_z,26088585,6418080,a6e26a13d13b6ed7487dad960de04145ac900c6b
bhop_zalupa,9446000,2528442,d3c3c9429ff3dc159ab2c3689c57bdf40b4f7492
bhop_zalupa_2,6406866,1617141,7c68318ec0eaee544d5d42ed04a600df7b9f32de
bhop_zentic,7060907,2208653,790359da8f9457d9a69c604e409530527f7adbb4
bhop_zygos,15239927,6301625,bd8016eef1189a9d10ea9af6e6eada5375f417ff
bhop_zyper,63526192,10614054,593fb0d3fceba8ce646031db8652590f55feb0b9
bhop_zypie,52790442,18014394,e9dc5649fd0d0de08ecfb46d387ec900e02bde72
bhop_zzzz,55653124,16488050,a5631f648569cf6ac29802666765a3cc645419e4
demotastwistyplaytest,40428588,4787441,5da8d587c09348e548e9b6d77a4d2c3c14925699
dodobird,39890655,40055569,cb7120b8eb4e13de8058e3e3cf95e2c83df4de50
lithuana,39896623,40040372,43a4e81a6a3cb6dc0ea66923761ee0d8c659211f
moomy2x,56321367,9913395,7ebca8b4b0f64d76a9c1f074aaa42c8bcf838b99
moomy4x,58358147,10775840,6cf8dafe199fd872caa27cc1cebec2b4007d7821
surf_lament_b1,25085924,25103843,d5a74fb85f74ac83183dba85f87f9377005bcd66
