Trikz_PortalsHard,88904038,7451362,06eafcac8c6fde0eeeade3814b9abc1276c2f22d
bhop_advi_fix,9811196,564254,a60bef3f2e0134f0a8df7effce05d2cdb9642241
bhop_andromeda,44242179,16841823,3d7228523647ffc34fef7796428e68a54dcde97c
bhop_concretespice,3377967,1097672,a7a196e46568f7c73919fe46467f42725baa8e4e
bhop_culture2,186007552,106099944,dc267101d92ef7403d9ccf5d118a5da2817a084d
bhop_duality_v2,16130314,3591990,750e9aa0cfffb17861320772937ed681d2e06dfb
bhop_grayness,60131909,37095692,bf08a652a7d04fa948b5a24c31433e8ef116eebc
bhop_hard_superdooperhard,13708653,2700274,dc6ba247c188b4ce60592e4663a4b64c278972e2
bhop_harmony_ns,32860011,7508903,bc52579918b168247cbf9627aedb0401acd43b5e
bhop_interloper,137222296,84566719,7ad79a8118b709aa374c0df70ff292a4b4f88b38
bhop_quicker,691992,43899,2ef511800a12eb16ab7fcf7166878294f4c16cf5
bhop_remia,38460157,30885632,d1fdbbd4de865b6f48b55bf7ffab82075b58d9a1
bhop_rockthevote3,28417947,9186860,8dd07f305d1cef6a4278c59715bf1970aa27cb23
bhop_rysik,18437964,5568524,4732556d738873604aede879d6de1e52dadd7987
bhop_trinity,14473459,6527376,3793e445d845705731a2cb5c47ee99adc04cfcee
bhop_wouit_v2,23092232,6594410,51d51a13ce20459d3c4da958fcc2272cb80a3a2c
de_chateau,13661888,5791655,0b57fb003caff312866090b7a7b0bdf2e40145ef
trikz_Noxious_b1,59806479,49160131,7db7c857b55d539110a9281c090df06ce8ccb16c
trikz_VICTORY,150907667,116784083,551927b2a15c1f72a1688cb4d94d5de7e77ae40d
trikz_noxious,22862339,13777237,6c8c089d956a97de37bef502460b4343849c898e
trikz_obsidian_v3,29740581,15836084,d0f95a87c074fcc08910dcc24a860d404751e64a
trikz_ocean,93358717,55024032,0db73133c521de39c0cf8ad8ec0b605b6b6ed20d
trikz_oof,48587396,6998815,5e07acd23f29227f96bc0b37270ff96f01758e27
trikz_overdriver,17704173,7658926,5cc62dd3bf066603cb64932a4b5c18399133513d
trikz_p,51282264,22719158,dca2e2fe053dfb15a6ae1a057c7dc79412c5c2c4
trikz_p4p3r,76853566,41821657,95a8caeff7416a672c9b6e18201c6e67443e0511
trikz_part5teststage,18349529,4813905,c4a3cefa1ab307d00835ea8c331a4659fc655825
trikz_penguin,91449966,60517164,f290c67a9b0eed7f9bd163db1071f5c753d36297
trikz_pewpew,32359991,24144984,20434c813aa22e686feb94a2f4014574e8167348
trikz_pharaohs_tomb,98442756,68580391,079e7b35758634672a1cf34e45c60ef0c4686f8f
trikz_portal2,222941061,86066432,dda7e768f8e060d2ccebf74b95282408bd44e6d4
trikz_portal_final,35372132,12097721,61fdc3f002165479eff8eccb17fcd3659838d473
trikz_proud,82058169,35475170,1efb58f22ab5a442fbc65fda91451d982c802802
trikz_pure_fix,155290527,87303187,f8d3089c6c961584b4252da34f97417efeda664b
trikz_racing,6800342,2289759,15caee7768592ec9379a449132d45f5cf64666d2
trikz_randomraider,91566484,43801038,5a4d5171470471f7f6167905546e5744fac4e81c
trikz_randomraider_fix,91552671,43801383,136108b65bafd23a5493f44c7bb1431ccb0afdba
trikz_reality_beta256,200340281,91110054,049645fae584c1ad15a1afef218052b194ae3319
trikz_reality_beta259,208865600,93936484,9c28b08c812d9d8e71246feb9eb729e20ca4ef43
trikz_research_laboratories,190302988,48663595,c851e8709b77c816398344e8d91c78eacee5e637
trikz_revolution_final,45160677,9839427,705a700253bf4c75d3e014828398ffd78046736c
trikz_sakura,293631410,129667381,f123637d650e3228ab360c0f14131e0cb2a116a6
trikz_sakura_final,291331842,128208809,d657f6329d778e39e716e27ca7d7db7fc828a2ef
trikz_shinsekai_final,208860068,105280547,04fbafa8dbd379f3e11497c30c7533b81573005f
trikz_shokirlegend,93434558,26542641,3779bd891ec757ac6a4291c3b174f73cb08f525f
trikz_short,16838724,1905579,9c1096ef687024c1767e389d1c69a427cc37ba91
trikz_shutthefuckup,91890227,81933164,ffc8e2ec147b4bdfe90ab741482ddf5004e5cf63
trikz_simplicity,46074652,14047070,397b6c145bcd2fb8af243663de6e8dd52718c46a
trikz_simplicity2,51859930,14507623,2184ed1cd1f579eb48caaac9ab71d0d6d7168a36
trikz_skyway_fixed,25941032,11988878,2d9f7dbfd5fefd6cb8d956f7cf6ed5a889f8def3
trikz_smile,29534596,8981379,e7a8bf44bed8bfd1b31f66b401d72886b8741fcc
trikz_soft,60270351,13890947,b32f92e2bda6472f62ec8113feb32d8446cf6393
trikz_someday,92303820,67346532,4eeac54dbd7e50c51e7f75b6241f6a9b30613a84
trikz_source,113122478,50111910,bf7ba678da0d5045f6a6ea4adf384216119b6cc4
trikz_stolen_easy_final,113981567,48635013,3b49c128f2fc16b1b29839df2b11e86e081bf316
trikz_suicidal_final,100260448,35727529,c36354900640e7c06c14f2fd01798d51e3381bd6
trikz_sun,22379009,8820213,045e26d92bef6babaa95cc803242925f5e70cde8
trikz_tanyaisawhore,20070752,4996454,52e8e2abe9c3dc7bf0c7713106582e8eab473efd
trikz_technology_hbs,4159372,375624,219eba9375e991218986850419c92e5c5d20fe9c
trikz_testing157,8561824,1303956,aeb6240a7ab603f9fd48caa7c0ca3ff9d8058d3f
trikz_testing157pakrat,27181115,7435813,37ed7ea61b20459ca7ac50118c7c1d23f7923acf
trikz_testing3,18310572,1276064,cf7dafdc073c9eb5f57fad28b15619273ac48ff5
trikz_testing4,18270680,1266668,7603fc687008e2a4e473bcb77d8486470ed8aeaa
trikz_testing5,18269888,1259330,cfd4e3e50f21aaee31b60f80b9aa85d7468d8b32
trikz_testing6,19485056,4777970,84b0ab83c25afc6192f58b7b7ea32a79251cee72
trikz_testmega,4645779,312857,303997a207e85fd6d623ddb10a53969f286e16c5
trikz_tintin,69270220,59703771,c0027190da1a70b666ba0a3da8fb6f5a28d06604
trikz_titannn,7002884,2266747,6561c066ffdf1df468adf975f040b9ede7b94b0a
trikz_titannnn,13584153,2921302,1d8f85987b7766b0dbbef1d5f6a793c8fa12d226
trikz_traningground_z_fix,5337981,1480174,9fccd360905e1dd39de729ff28f458e6c1c5e9ea
trikz_unorthodox,124759993,65663552,efd7146ca6828d6933f5f52733e09a7ed2e051ec
trikz_village,257441758,120286967,1fc5eb607d6969df34fc2483e9f3e8a3b05cff27
trikz_vintage_final,35731796,21600571,dd82fb61af521658d30d3201e97e24818fa44150
trikz_visuals,18752227,5883294,9adc72310d409890fd9b0e484a164ee2eca49d2b
trikz_vpizdu,45348184,33375032,462297073367e117b62ab4580b5a175d2d45b7f5
trikz_waterworld,6626631,917092,faf5c4aa2e1cced06c95e7be43d668f929124dbe
trikz_white_beta_fix,56910773,21371694,6cdc4c33732bc3db93b7c256f67c17a1e01ef368
trikz_world_v3,15308257,1727165,4db694942a543ff2c061c558e12f44b7023a0f1f
trikz_ytt_aztec,5790304,1914655,70416561667fae3513373f198752971739e154f3
trikz_ytt_cruma_b1,27325516,9358956,5964569a88fe02d7845c8819c1456945e135c6f8
trikz_ytt_space_fix,47898523,30899052,3431aa71e54c8accb439f08b4f614c19bef4f5ab
tutest3,52992658,21417474,754d52434712a90cddeeab502b52c902a724af03
tyty,29391737,9931733,685bc26adf4641d5bcf5e9914826e2cb78794daa
tyty2,29235863,9977217,4f69089d776cea26173d6f0ff83e0217c7599762
tyty3,32314488,10778810,09bd0c9051a554f1187b1366098ef02bf344568d
