bhop_flux_beta10_packed,3314139,791910,f123e4556987487ea01170848bd4f4759bd66256
bhop_lush_css1,57227736,26288458,c8f4cdf6523fe9f948ce574a33eab8e3fa1045b8
bhop_lush_css2,57323512,26361969,2ae59820cd5b9fc56564cfa835279f8c68ed59c0
bhop_malala_test_7481,8617812,1366779,7de762356201ab21b52478822283adb4a5438d6d
bhop_murrdocc,20513164,8733091,2e38a4bea7500e28d58bdff719423113e968b2cb
bhop_neptune_final,11626617,2602479,f3d9e39a225892f835ef39e39d4de816d8895802
bhop_pev,3129048,134340,c31fc7bec2e3b1e602e81736d59f31fbc20ff3d7
bhop_tequila,6127616,1907820,f690c77599db60481521098cd789dd96b6655685
bhop_tuto_v3,19362747,683697,d7262b0c99543dca955461118aa6f3468b9adaa5
bkz_cubebhop_playtest1,8311936,3705563,15dadc6eb89a552e70707d9c9e0c84457146d951
kz_bhop_angkor_strafe,87902332,39224977,0c0d7a8ebcf413ebaab32df9c9e26b8b31c3ebdf
