bh_aztec_8xl,2228224,652262,ec7fb01bd4c11a249de4bce06371ed5860570f27
bhop_12xl_stairs,10092544,3878753,db0602723aa2a28b48a6f46abd0e2c5bb2b913ac
bhop_1n5an3_hard_6xl,17301504,1979040,5b4296be6ea8cbed695a1101d8b3e3665456d6ca
bhop_4,1703936,451653,db5db52b6a64d42fa866c8ca6ac65ad821521fc3
bhop_abyss,12941302,5108080,d83a167ee5746007b407f97fc1207bf116d90a89
bhop_addict,601600,252123,69d6459fdde13cacaa44a9f96fd2d6fb6ce94d74
bhop_aperture_beta,182697984,70210266,a5c92eefa2d9933e36afc356f069f62d8fc08952
bhop_ayesir,87482543,48117654,ce1e98619da18c4aea94d1a96fa3fd9c610aa100
bhop_babel,262144,62655,07069c4abd7da33dafab67d6ce05a38f701e1d75
bhop_babes,262144,65599,be7ac275dd1dfb0111f38d5ce69ca8b226ac6e72
bhop_badges_hard_lj,29547802,5493024,b2e1c6cca24ca0c7f199f1f82d58d318c845d79c
bhop_badges_stupidmap,3407872,306986,29994270c74e2677b05aa6ba76b10dc43879eb8a
bhop_badges_xA,173680,63720,6484b48bf3dbdd483ad809cc99553721fd963280
bhop_bhigg,142000,75925,f235b48bbf3898da58ca57401d4ee3888261d635
bhop_bingle,172344,77347,5bf535e25b549855086f52654eccd45ba555dc7d
bhop_blockyhills_pak,371949,193977,0522b740f6c57b4f0972eb3f59c7e2a2729485a9
bhop_bob,3145728,1335428,ed15a985dc6b7d0e07daf564fd317fffeeff0619
bhop_bowser_road_final,9176088,3430204,0f5147a70dc0d9f7519a50494585b25598ed9384
bhop_bowser_road_final_css,6489472,1503530,b45e0bf32ee5ec4422d212a8f1f0ac5209f086ff
bhop_coast,14221312,2837794,f265a8a88f40ec5f527b863589b11ce99529c641
bhop_ColourMetals_v1,4987099,1626077,fd427623c5194c310eaf04795b88afea19056359
bhop_cutekittenz2,71090176,20871168,a516f7af5d256101a1a12309a769b036ee1767bf
bhop_dev,2195108,775329,717fee1438f57c03388257d4df5e7a037cd31f71
bhop_dev_fix,22709463,5948347,cd5ec2fc2c16c384441e781951592756d56bc3cb
bhop_dev_fix,3442740,1156856,7dd61157645f2c6570add433be4d79fff68f47f8
bhop_ducklife_hd,33423360,10913270,bb642a4a8dfcdb747255a6374061b93f334b974b
bhop_emojiz,51394677,14961222,6cc6973e8b13ab872620cfcefd9de749df306dce
bhop_eosin,8915798,3513442,abf8326954df5cca6ba4192ee3078bf4d08c121f
bhop_Eu_v2,52418433,7226795,74465b50e1f2ca1b15a3796277cd63622eb29771
bhop_everchanging,37960,5879,8ead0908785f6d65c23667a85236fb0fa6e831ab
bhop_exertion_fix,26083328,7164908,bf43ccb1b037f24b1d901b1f02cb844ee84c7c9a
bhop_fl_v2,6811659,3773703,10aa24a1561dc342d5ec3d0feac76a9b99266cd4
bhop_flipypuppies,494752,87075,d57cea6730c9a5f037f31939420ff5bca5c1ac68
bhop_foob,13593330,2080915,7ead7fab91dfb91619088832ad8f44ddcc81caea
bhop_frotinity,27664035,12811292,e0d2336eadf9e45549f985be3f97d7189e81cbc0
bhop_frotinity2,5956872,2652665,0eaf1d003989b2a00d1a8a270d0b3ec65918c2f8
bhop_fruits2,44941923,20761118,286a305e43ca8e4858b5c26de06626ca04e41493
bhop_fuhria,70300421,11380519,fe4130d060e97ee5075d8859f98710a7e9817c4b
bhop_fuji,4096000,1259637,82f59636bcaf97afa8bf90fc2e52c35d2cd274fa
bhop_Global,2753158,980832,3ff95c87c36543b230a991f36e71dda6acd9979b
bhop_global,3130464,1102108,66a9d87d9be62012e0bcf2d6e192c1b252035cfa
bhop_hmm_brighter,5663155,1340525,1cf2d4b8d7e4b42819d9ad791e593e7a6e253f5e
bhop_ImLazy2,3339774,1201055,260a7a1e076cbbdbe083b8c62f10e07d57c83330
bhop_impulse,10346983,6895728,609e18fa1f2d751a6492db22f9e4cdb4c6e9eb0f
bhop_infernoserz,26017792,11524337,2c3d97d46467a3073d84866ab15579ec2d907ad2
bhop_jx,1097728,286584,63f8944442ca88ab0d5a16d9150229138e9babce
bhop_jx2,1015808,419109,62b15adc0385c5c3432e0392355693f612ddd8e7
bhop_kirous,67945538,6549204,a7f25df47e0693801b2955e1043002f85a9aa52a
bhop_kz_tryhardkittenz_fix,7995392,2943003,c1268b985b1d7c887ebfcedfb9f16ef726543c6f
bhop_kz_xmas,2654208,921418,137d5c81b3e8cef60bf808c6c79edfcbfef27fbf
bhop_kz_yonkoma_ez,2310144,1034678,aebc573ad5a75b036e5703d38fd5242a39ea57e4
bhop_nebula,28082176,11160001,17640c3af91313e404a54fec2caadca4dbb65a30
bhop_neptune,11638388,2602097,ec1760ae79d0e42949000de76c07d0d6dce69b7a
bhop_neptune_final,11626617,2602479,f3d9e39a225892f835ef39e39d4de816d8895802
bhop_nolimit,7360131,2345519,0a8a502177ca707be711a06443a6dc120ff8b94e
bhop_null_beta,523156,149083,7fdb72d6a1dd6c6d5664734b07e8cafbb79cd2a8
Bhop_Om,1849816,556280,a857046777edc80339d3720f437bac6c026b3e16
bhop_omfgdoges_ez,7208960,2331974,66b4db25a694b3eb54ddb98fa9ad220b3163ecaa
bhop_ominouskittenz,14548992,6190491,ff2ac4b509e55e2f42d6d1c28a8462f0255d5518
bhop_p06,20840448,7346524,ada7f793db864ac5fb3f75a4665086aa2055477a
bhop_pahin,9534254,2274245,f538f6a5f2e00cd24b4923af928e67b967f43f93
bhop_patq_texture,4586730,1859071,a0dd9dbd6a5bb2727ac210b61aa3031419996d4e
bhop_quick_sh_v1beta,761288,146101,26b378e71ceceac118fe301e3a15761e8237ee6e
bhop_quiet,40452096,12556955,d8fc146dec55c1c6b7a2f0d198165d4ed9a02c4c
bhop_reborn_academy,10797056,5685473,f57186e67c148aecd3f0545a4c537b000e742a9d
bhop_research_laboratories_b2,173015040,56821647,cec8eb11bfadfec504d972a2a9441216397719d5
bhop_resistance_v3b,4521984,1060569,a8ac7804ce8b1394b0d08436871cd8e58949e22e
bhop_royal,2599436,581360,8e4680b3deed6f73ac3f817769f805c434015e81
bhop_shitpost,5643016,595998,0d5f7d5a2a6c51059971748f7fb232fce5764519
bhop_spaceranger,21659648,3793845,71862d9a5f3c02d4b43d10ed2f5fe2d018762946
bhop_strafe_sepulchre,45940148,24326262,2f5bd1e44184bcd64526c9022b69842914b08ccd
bhop_strafe_winter,18349088,9035779,205da8a48a50db1f2a7708401d9027acd29c8d9e
bhop_tequila,6127616,1907820,f690c77599db60481521098cd789dd96b6655685
bhop_tilhi_1,13011741,7015726,2690052d2080742e11bc5c6876eb796bcf4fe1ed
bhop_umbra,189644800,99800936,181f723a5c5a54a0dca536f29796e763c22a985f
bhop_umbra,30631441,14572000,5fe285bb6cd06eacc0fd324d93a433b746752a81
bhop_unreality_beta,26345472,9124984,90381f3699c70984b5f067eab6f53af18e75d5d5
bhop_voxel,1884160,912700,cb34b57ceec46f1d8542bad6d24036d1f3e8d217
bhop_Zelda_Stone_Tower_a2,6552503,4816467,0c7bfe46d1c373c9d9500a92f3c2a1224f7e7627
bkzs_world,133316608,61840443,85aaae952195b7dfc0b1a371cffa58871063c447
de_season,2304980,635899,c207e3d3dad3a91b4b451b04e6c9b2a2e729f820
kz_bhop_awake_fix,163708827,108857145,325c709bbe13ce743c8c6685727aecb15d5b495d
kz_bhop_badg3s,169339775,75062350,88aa79b669c0da16321e3685930f74dadde63bad
kz_bhop_badg3s,289406976,96022385,54ca806cb4a5779a6841e4e5a07d31d5a832d93e
kz_bhop_rainbows_fix2,30408704,24080356,cd18247f8f1a24efac34e6bd4b2f5a0468105204
kz_bhop_sanctum,89075112,53394282,62f2f3f3a66bb7a9b9d47cc2389b5d72c0035a7e
kz_bhop_skill_clearcut,23238304,9441756,45107b94086262b6752e6216f10115d64a67b6af
kz_bhop_nemesis,160165809,82359324,99d69ded6f5fb871da13ca413024e50d2e8ba16c
kz_bhop_nothing,82386181,33864683,a2825a4c8bb51df66e901fb0d9124ec83981b54e
kz_bhop_proxy_null,69681750,22969757,fa1b60e212108b8df82abdfb9296581bbe013b63
mg_rota_derp_v1_1,4849664,2155165,6e9b1e3d3107c2e971fdab888b80d9b8c1fd12c4
surf_and_destroy,786432,290288,4637af1a3c6046407134004b2ce7c70fead8b930
xc_future,8232970,3583106,5e28b001902f942fd7219495fd50c199727916fd
zm_little_city_v7_roy,2046552,571597,981fd7efffa588c75f042ecd1b9cccd364f57972
zm_2337,23141304,9860793,758c3eb81e0bdd95f6e8aeaeeb8fa0a70976303e
